{"type":"Feature","properties":{"name":"Cardiff"},"geometry":{"type":"MultiPolygon","coordinates":[[[[-3.163734797834179,51.56050498092781],[-3.16284245441712,51.55985112727204],[-3.162563787691325,51.559954567252994],[-3.162062586642254,51.559647508838204],[-3.161778031521244,51.55940761191873],[-3.161632934932797,51.55926332969714],[-3.161321796041463,51.55916572643413],[-3.160591626012891,51.55887171220454],[-3.160545072796088,51.55886048638834],[-3.160313631097076,51.55883310821226],[-3.160258116169067,51.55886242281357],[-3.159864658839487,51.55870800845872],[-3.159908660086741,51.558679706315075],[-3.159901365518251,51.55867348676884],[-3.159637325195415,51.55861766361625],[-3.159037222714686,51.55833494234082],[-3.15852949912378,51.55816286304633],[-3.158390476388214,51.55808863449764],[-3.158153909455996,51.5580325377382],[-3.157912939068636,51.55791535632249],[-3.157760404357122,51.557871015167436],[-3.157376158708226,51.55768054413693],[-3.157269113274315,51.557553950487915],[-3.156948314309824,51.55730442261966],[-3.156598970037344,51.55678270857065],[-3.156435372921329,51.55670521352793],[-3.156448444072986,51.55664845220938],[-3.156020603011948,51.55622009915699],[-3.155888283608467,51.55611892281059],[-3.15577410008152,51.556109259813326],[-3.155508209295597,51.555580427982136],[-3.155307445071442,51.555340590486246],[-3.155286045036629,51.55489475144972],[-3.155234578543292,51.554797273977485],[-3.155254959294246,51.55469099988529],[-3.155108959933358,51.55445322998559],[-3.154991677488796,51.55426461847904],[-3.154875078895456,51.55427205738763],[-3.154763162928331,51.55423899834753],[-3.154689018687818,51.554218152959166],[-3.15456833174304,51.55412045722841],[-3.154394692883141,51.554101487793794],[-3.154225497033788,51.55402305602919],[-3.154153000950487,51.553954550553506],[-3.154162862141328,51.55371434859006],[-3.153885098982156,51.553570551678504],[-3.153876169792769,51.55349962320921],[-3.1539504080909,51.55335497514257],[-3.15391120108083,51.553290637512674],[-3.153762536518292,51.55322917240367],[-3.153844807177618,51.55317173162844],[-3.153803108051065,51.55312171104439],[-3.153800471965918,51.55301746063074],[-3.153645941187596,51.553010888230205],[-3.153531939283368,51.552895146300095],[-3.153435010205473,51.55288081628105],[-3.153363063939606,51.55283387907251],[-3.153344503497836,51.55278183364936],[-3.153186212851912,51.55273933982372],[-3.15313436471878,51.55268771012438],[-3.152952054603797,51.55260769653433],[-3.152864250529468,51.552497899371],[-3.152910490826405,51.552445307863096],[-3.153014444938234,51.552450580202034],[-3.153000008260577,51.552392291618986],[-3.152729188040467,51.55217911475032],[-3.152768294644882,51.552126593294176],[-3.152678517206033,51.55199982600135],[-3.152657370160734,51.551845326880866],[-3.152608224741151,51.55178288368732],[-3.152641460145177,51.55172862149409],[-3.152630401410057,51.551690974781394],[-3.152575748411277,51.55164117066742],[-3.152416014685165,51.55165442343228],[-3.151868329681035,51.55150149257171],[-3.151375102788279,51.55138586964015],[-3.150306205526122,51.55109691210089],[-3.149782679381352,51.551270141890086],[-3.149591857578006,51.55142312161283],[-3.148964003856355,51.55169454324235],[-3.148843119859972,51.551819779686156],[-3.148354039298094,51.55210062758488],[-3.148275842262507,51.55220207319531],[-3.14755367999863,51.55262552087093],[-3.14725221679272,51.552621276574605],[-3.147056040237197,51.55256647078718],[-3.146689931341273,51.55257364339456],[-3.146601506477218,51.552675277753174],[-3.146509432514487,51.55285416580274],[-3.146468842778497,51.552961625416415],[-3.146101281266123,51.55337521824539],[-3.146109454168054,51.55346862834572],[-3.145985351093718,51.55369825898958],[-3.145970246473828,51.553897161146814],[-3.145919094909682,51.55398665441863],[-3.14578296194234,51.55413990352902],[-3.145665968008913,51.554245411928676],[-3.14559539285843,51.55459407810765],[-3.145521015575451,51.55467750622747],[-3.145342745882155,51.554933734163676],[-3.145261271606248,51.55507566176383],[-3.144707120851757,51.55535353387562],[-3.144483131967737,51.5553377395058],[-3.144521455894939,51.555258259423084],[-3.144618877817237,51.55505495891266],[-3.144669042216442,51.55487378429221],[-3.144597929957897,51.5547413451216],[-3.144527023223505,51.55461708474722],[-3.144435727617767,51.55448124638134],[-3.144338445509688,51.554343758728585],[-3.144219687493659,51.55420827870598],[-3.143973739334537,51.55394719804228],[-3.143794124555187,51.55374659761748],[-3.14204202670852,51.55399657065148],[-3.141177813741814,51.55410295934513],[-3.141143146579474,51.55410059967426],[-3.140602133140125,51.55392427283509],[-3.139925034966555,51.553665573489035],[-3.139032923705128,51.55334962692094],[-3.138798538694972,51.553264614399204],[-3.138692372174184,51.55322788892658],[-3.138482692305935,51.553208348288244],[-3.138074165004389,51.55319343190114],[-3.137512817267079,51.55312605866888],[-3.137212564519037,51.55306064876583],[-3.135500028963611,51.552749923133085],[-3.13527835146736,51.55271161509037],[-3.134980625603968,51.552690222909646],[-3.135297318622811,51.55243177231338],[-3.134851946330694,51.55186237721896],[-3.134893637884086,51.5517981493479],[-3.134495984081084,51.55181817593505],[-3.134404816719954,51.55186310654244],[-3.134136838853945,51.55187558906858],[-3.133969980283169,51.55189428328708],[-3.133828912081098,51.551845307903555],[-3.133473043136815,51.55186223523215],[-3.133221684213539,51.551729736038624],[-3.132622695401814,51.5514811283224],[-3.132444370414157,51.55144500662191],[-3.13228663884764,51.551366525124784],[-3.131837964242061,51.55129984430638],[-3.131652924879129,51.55122791830648],[-3.131329318114905,51.55120767139413],[-3.130982430929977,51.55111654182021],[-3.131002911633667,51.551069599519394],[-3.130844913624134,51.551037863290034],[-3.130762733039181,51.55098472092858],[-3.130563828325203,51.550986640278076],[-3.130552721763394,51.550946295392016],[-3.130287960081005,51.55091558849493],[-3.128259699472954,51.5497329022483],[-3.125442908587573,51.55019965969556],[-3.125078237478201,51.549854286468964],[-3.125284524812864,51.54968420479939],[-3.125573724652801,51.5494188493742],[-3.125693258681044,51.549294457244144],[-3.125789898024324,51.54918206164654],[-3.125991323633693,51.54886810651493],[-3.126031604556843,51.54874636391077],[-3.125821567989632,51.548301433074315],[-3.12729744838785,51.547851170152114],[-3.127295783609265,51.547783765820014],[-3.12708533975858,51.54767423337979],[-3.126986219610701,51.54763293663827],[-3.126875774623121,51.54759534549846],[-3.126633143741995,51.54752576351924],[-3.126506945599164,51.54749551434112],[-3.126259031716828,51.54744306340233],[-3.126085552282206,51.5473664339931],[-3.125895141233533,51.547307136170026],[-3.125638411591191,51.54713341225313],[-3.125553793736544,51.54709188597483],[-3.125453160040052,51.54704700665059],[-3.125278074441765,51.54702082164552],[-3.125180337449014,51.546977712648946],[-3.12487442080501,51.54702739458843],[-3.124720816506686,51.54694167310216],[-3.124578120577221,51.547004170672174],[-3.124318425422326,51.54699947141315],[-3.124353010678417,51.547056671429466],[-3.123909029613263,51.54718327593924],[-3.123877220836176,51.54718088440782],[-3.123646985788726,51.54708322074123],[-3.123438479275151,51.54710499705337],[-3.123374656258473,51.54714974661863],[-3.122965683289295,51.5471770399249],[-3.122849040548177,51.54724018391743],[-3.122834559049188,51.54724122189474],[-3.122752345900421,51.54723931221352],[-3.122663987079365,51.54716644703976],[-3.1224701289058,51.54719886791961],[-3.12230088152375,51.54729397794175],[-3.122265657620503,51.54721071509531],[-3.122023377077527,51.54721303563792],[-3.121943650589789,51.547254250934586],[-3.121819148634871,51.54723476808274],[-3.121593982007791,51.54722703549237],[-3.121497074756581,51.54727560666233],[-3.121330050782743,51.54728709373366],[-3.121116534093718,51.54734217391795],[-3.121034996162463,51.547309693162035],[-3.121001288764372,51.54723001130918],[-3.120805176848964,51.54717066994349],[-3.120422794658487,51.54692981834728],[-3.120166032976536,51.546807232463],[-3.119962262471457,51.546615011696865],[-3.119635759291729,51.54606331184586],[-3.119468807376182,51.54584008507264],[-3.119252620799647,51.54572798613478],[-3.119012489089242,51.54564308397429],[-3.118891316652532,51.545637948791715],[-3.118910107466558,51.54552171743081],[-3.118858279015124,51.54511490724256],[-3.118608131894292,51.545145162737086],[-3.118387557389619,51.54509153428876],[-3.118233161680134,51.54503098214445],[-3.117934871512543,51.54480451195025],[-3.117926092825809,51.54479560671587],[-3.117911628612484,51.5447391123815],[-3.117904666982946,51.54468793963213],[-3.11791337801038,51.54457270364173],[-3.117952052370801,51.54444288784798],[-3.117940102743765,51.54442592272317],[-3.117741825928502,51.54439905271429],[-3.117481966697316,51.54438715355794],[-3.117111298610357,51.54438530281713],[-3.116540800923313,51.54446806147054],[-3.116350438450063,51.54452651204024],[-3.116267060813958,51.54459832330035],[-3.115615278617028,51.54483386189922],[-3.114911292588809,51.5452397922694],[-3.114626431682952,51.545387326068045],[-3.114140092054902,51.54543061515702],[-3.113805325909222,51.545423917510604],[-3.113550422613592,51.54567364069146],[-3.113057514407189,51.54615935109694],[-3.112953675703742,51.54627989712616],[-3.112539855498156,51.54675685120295],[-3.111811585753865,51.54663702975385],[-3.111192913915146,51.54657899819701],[-3.110820700144393,51.54645578614646],[-3.110900563512201,51.546239195156396],[-3.110972564336578,51.5461782827064],[-3.111160335948421,51.545954373549094],[-3.111145957703599,51.545837649453695],[-3.11122643036912,51.545646222353575],[-3.110552505540392,51.545867558994864],[-3.10918667381965,51.545385936223276],[-3.10848319528713,51.54515978642847],[-3.108701359710305,51.54500211298222],[-3.108755949899367,51.54493417624465],[-3.108752693996722,51.5448002664912],[-3.108807709037499,51.54451020118047],[-3.109007342078208,51.54429966624942],[-3.109010156959116,51.54423941129658],[-3.108940506814712,51.543922660944],[-3.109039337489316,51.54377690616475],[-3.109172536975373,51.543680356750215],[-3.10923131036897,51.543544960097115],[-3.109096085595905,51.54308401478795],[-3.10869244303873,51.54303121142878],[-3.108390363261226,51.54294508209297],[-3.108134639850753,51.54292683165345],[-3.107840897167055,51.54294399836634],[-3.10761327275373,51.542893028948654],[-3.107627969643155,51.54284704480767],[-3.107302864488398,51.54275753508077],[-3.107022845754349,51.54262984348089],[-3.106747050477301,51.54249482876918],[-3.106603988315094,51.54242516842477],[-3.106313032474487,51.54232184950571],[-3.106091920234137,51.542122492684925],[-3.105957104592477,51.54191243167008],[-3.105809158534018,51.54164136852902],[-3.105673160187682,51.54168139884625],[-3.105620415425693,51.5415901176739],[-3.10533740851275,51.54169176501217],[-3.105016876801862,51.541677716599686],[-3.104055261819456,51.54108973940604],[-3.103809565844892,51.54094994003839],[-3.103563785874931,51.54086057050229],[-3.103536458049847,51.54086622177798],[-3.103292017870219,51.54077324409608],[-3.102662751800785,51.540632567941735],[-3.102137979212731,51.540520657028374],[-3.101528710690781,51.54037079617774],[-3.101679174203964,51.54003399047488],[-3.101350683503008,51.54004427761019],[-3.10116221334319,51.540003802284666],[-3.10068182583223,51.53981406468498],[-3.100263873283133,51.539644502795475],[-3.099937431168798,51.5394389320937],[-3.099521978852165,51.539136213059535],[-3.099047789814216,51.53878370523023],[-3.098880674715854,51.538672010142925],[-3.098526814661409,51.5385269198127],[-3.098244230622234,51.53834978707746],[-3.09759161180311,51.53807625437226],[-3.097208910195447,51.53792783544248],[-3.096763963028578,51.53777649175377],[-3.096784212299333,51.53723946435912],[-3.09697117850122,51.53697603577112],[-3.096426717482303,51.53694248366629],[-3.095912240531925,51.53695449396108],[-3.095591802775279,51.53693771745303],[-3.095252282442581,51.5369085336877],[-3.094892816784373,51.53689032301895],[-3.094658313015614,51.53691229323566],[-3.094566067901434,51.5369176501014],[-3.094553626497486,51.53669654141317],[-3.094341199010066,51.53638021803253],[-3.09428279891817,51.53574504348175],[-3.094141894965222,51.53570411175935],[-3.094129824349647,51.53574108031601],[-3.093652233987913,51.53584811198827],[-3.093009110954229,51.5359035603799],[-3.0924628160183,51.535733280399185],[-3.092105890906824,51.53557750079219],[-3.091897650483657,51.53543013236552],[-3.091496917277455,51.53495375341277],[-3.091415173714769,51.5347917192569],[-3.091394312337298,51.534342361164036],[-3.091369581900917,51.53421305614742],[-3.091219675392606,51.533974439857616],[-3.09073796423912,51.53336207902003],[-3.088091400651727,51.532960425893044],[-3.086405846533008,51.53271349484738],[-3.08594997284859,51.53263861565701],[-3.085597055716841,51.532594243465844],[-3.084727590156997,51.53252768814096],[-3.084342239940691,51.53250877575953],[-3.084211972131036,51.532489302741624],[-3.084101821400906,51.53246604702966],[-3.083980026636251,51.53243292099488],[-3.083862243085077,51.53239355503453],[-3.083754552451484,51.53234870233526],[-3.083595776791717,51.53228004837368],[-3.083262126717019,51.532075377085036],[-3.082937978116271,51.531900373240944],[-3.082726182739986,51.53178627070294],[-3.082628446312744,51.5317350316752],[-3.082628424997989,51.53173413355635],[-3.081805496315618,51.531262482575926],[-3.08171922694358,51.531268671634614],[-3.081340492528985,51.531407901321],[-3.081039564044392,51.53155010028906],[-3.080866502494132,51.53160563073903],[-3.079238254453582,51.53005777128796],[-3.079256818539794,51.52998838107946],[-3.079950389611273,51.52969245144586],[-3.079209792679324,51.52903565149409],[-3.078909254880712,51.5288270688514],[-3.078623217626398,51.52855812216713],[-3.078592483774885,51.52847480203456],[-3.078261474194961,51.52819368325328],[-3.07854387752629,51.528067842394236],[-3.080216725811685,51.52742211426191],[-3.080262597652077,51.52735157419658],[-3.079357734475779,51.52627099115716],[-3.079535111552323,51.52621272584404],[-3.078629017358355,51.525143749644776],[-3.07823561918603,51.52473312454855],[-3.078113202209936,51.52460534437152],[-3.077633603290795,51.524130519923844],[-3.077318380528678,51.523665781172326],[-3.077120602766245,51.52352915829799],[-3.076236727818125,51.52315062867837],[-3.076170145052378,51.52319978183116],[-3.074935937396865,51.522508834319275],[-3.074816405822618,51.522393874950886],[-3.074800348883707,51.52238323423327],[-3.074674072122037,51.52228460759546],[-3.074504412280775,51.522241213271755],[-3.073533221747977,51.52213494541857],[-3.073107333247266,51.52204085464485],[-3.072840643494528,51.521919238463674],[-3.07285413193651,51.52188135939516],[-3.072545209100713,51.52173756397079],[-3.07215427204499,51.521598203703284],[-3.070743749952816,51.521132660652064],[-3.0701824598472,51.52092463992702],[-3.069827369123241,51.52077775337458],[-3.069468242187967,51.520646184511065],[-3.069198729640767,51.52046426561533],[-3.068996943459148,51.52033755450644],[-3.068910187625258,51.52026633917207],[-3.068915546077625,51.52024651419347],[-3.069952574610904,51.51935672654616],[-3.071056485414652,51.51843224877501],[-3.071615917620546,51.51801075008701],[-3.071655868405204,51.517991507386924],[-3.072249493961046,51.51780180040181],[-3.072506670834739,51.517706769368864],[-3.07275300974262,51.51758046268115],[-3.07287393542586,51.51751283497437],[-3.073003456212762,51.51738121398334],[-3.073225483026923,51.517140872894224],[-3.073248595384423,51.51714335823992],[-3.073953855107723,51.51759285257958],[-3.073981404864044,51.517597094686614],[-3.075573868567362,51.5166140787376],[-3.076226476929663,51.516255162486146],[-3.076313727083594,51.516207176933065],[-3.076837756855575,51.51661507357041],[-3.077540995622274,51.51709863084658],[-3.078340168175632,51.51664262865006],[-3.078967318854527,51.51622416174266],[-3.079229315693742,51.516087720215765],[-3.079872166448421,51.51566550838851],[-3.080410398429561,51.515387187229095],[-3.08070226645775,51.51523797319211],[-3.081218622352947,51.515074913763556],[-3.08171419765758,51.51494269814494],[-3.082150183317546,51.51485318964682],[-3.08218496404216,51.51480162914643],[-3.081569619323639,51.514623019282965],[-3.080860335307847,51.514366074531516],[-3.08038006520545,51.51423107066966],[-3.079894437410459,51.5141105875692],[-3.079438339175824,51.51401769785404],[-3.07906583824296,51.51392754374903],[-3.078860445829619,51.51383414399497],[-3.078715370672596,51.51373389693082],[-3.078062064575147,51.513224626984794],[-3.078417170842758,51.513066747720494],[-3.078661721908225,51.51298710117213],[-3.079638483059048,51.51267328990757],[-3.08008325364164,51.512528963578674],[-3.080441680134754,51.51238632874259],[-3.080990360509633,51.512129483618274],[-3.081554079296944,51.511835641150896],[-3.081966667684109,51.51161240763951],[-3.082512119875532,51.51140053261567],[-3.082873909969657,51.51182616883116],[-3.083711070235387,51.51151990474416],[-3.084095381300576,51.51138232435773],[-3.084964362957038,51.511075849708],[-3.08560648566399,51.51087295925204],[-3.085916875985008,51.51083503121678],[-3.086213860783106,51.51071802961736],[-3.086417279880906,51.51066850431435],[-3.086834136122225,51.51062599402966],[-3.087388273579697,51.510595694844476],[-3.087785406302393,51.51057313979738],[-3.088003679193762,51.510538756008785],[-3.088149269064545,51.51048077409295],[-3.088305470710276,51.51032461920242],[-3.088333328398851,51.51028211142633],[-3.088497558336634,51.510099003993744],[-3.088703062024525,51.509957673483854],[-3.088978652679588,51.50997040049016],[-3.089291372303619,51.51009524054068],[-3.089685371043367,51.51018058022994],[-3.0898501668496,51.510200625630176],[-3.089986343454302,51.5101714949634],[-3.090081094000873,51.51009420548553],[-3.090391414504991,51.509874590705074],[-3.089653319958188,51.50943988194332],[-3.089364110928835,51.5092744634554],[-3.089188802251788,51.509177205533085],[-3.088911994740124,51.50892887828617],[-3.088780858192661,51.50874572208472],[-3.088578726055511,51.50878894590939],[-3.088459165452564,51.508732522762365],[-3.08804652227759,51.508103315807716],[-3.087461745465129,51.5072697556342],[-3.087027739729298,51.50659040327481],[-3.086771142683767,51.50628165638187],[-3.086795518660313,51.50621760616079],[-3.08701640081086,51.50611398305182],[-3.087228910691862,51.506023021221765],[-3.086278165253158,51.50506510363978],[-3.084218937950824,51.503475487227355],[-3.084064356827849,51.503394212206466],[-3.083969746995228,51.503297101541676],[-3.083440949338379,51.50292973339024],[-3.082658241605135,51.50181831690035],[-3.081893135080743,51.50072111478158],[-3.077820731610249,51.494925120984455],[-3.077898735481633,51.494885071597885],[-3.07822470628737,51.49471770471955],[-3.078434202843144,51.49461834530045],[-3.079522865749972,51.494102006771215],[-3.079731962773767,51.493996827343466],[-3.080148737466267,51.49378717910706],[-3.080150169598066,51.49378652031346],[-3.080440830826384,51.49365283847536],[-3.080467680708538,51.493640490096624],[-3.080811022883553,51.493478107743364],[-3.081025657514129,51.493376595926925],[-3.081229145919171,51.49329077926388],[-3.081489288443425,51.49318106958353],[-3.082872569990172,51.49259767901348],[-3.082956691808465,51.49255732349762],[-3.083898365169389,51.49210556904726],[-3.084311611386205,51.49190731392756],[-3.085117657220329,51.49152063649996],[-3.085203481143716,51.491479464152825],[-3.086205979318893,51.49099852450675],[-3.088228102852226,51.490042518689826],[-3.090722274643949,51.48880033427885],[-3.091414999176799,51.48849488686673],[-3.091932063749323,51.488162317901725],[-3.093351275498339,51.48742458605319],[-3.095189064424707,51.48647592663947],[-3.096060939567614,51.48596858117477],[-3.097090637059955,51.48544963540179],[-3.097532720377257,51.485204087503526],[-3.09764938108334,51.485152946996884],[-3.097739522065921,51.48517565798891],[-3.097763368043696,51.48520234083985],[-3.097773442515934,51.48521361430664],[-3.097793785825941,51.485275250183484],[-3.097786124871703,51.485348924614854],[-3.097831100341273,51.48545449245105],[-3.097884968889586,51.48551476913553],[-3.097898941866996,51.48553040501286],[-3.098027083907606,51.48556453638219],[-3.098136366015374,51.485598843969704],[-3.098250593902384,51.48563458168291],[-3.098255149084187,51.48563600657167],[-3.098360426057586,51.485699791989695],[-3.098411248027945,51.48573382240748],[-3.098451488179989,51.48576076720335],[-3.098528052315777,51.48580715632305],[-3.098531917607835,51.48577179074578],[-3.098460067850584,51.48572535753163],[-3.098373154169904,51.485640790876346],[-3.098350319958405,51.485631301213665],[-3.09823454004641,51.485583183590315],[-3.098144522973775,51.48554577356128],[-3.098084989232485,51.48553049899406],[-3.097978452884664,51.48550316413114],[-3.097971084121311,51.48549780907339],[-3.097930458449555,51.48546828432369],[-3.097886119124658,51.48538920719736],[-3.097887651434846,51.485256707981655],[-3.097857596627524,51.48518338613483],[-3.097832525572045,51.48516290392401],[-3.097761397988889,51.48510479465124],[-3.097735287659983,51.48507899619383],[-3.097712300462922,51.485056284253226],[-3.097708265667703,51.48505229716443],[-3.09770888100463,51.48505117281242],[-3.097741510083152,51.48499153973811],[-3.098014986225095,51.48487397947877],[-3.0987152906379,51.48450516591134],[-3.09933464903856,51.48421760918885],[-3.100152557588195,51.48376143236551],[-3.101334320138737,51.48311783031126],[-3.101662189028015,51.48296524808056],[-3.102390056382695,51.48259615101032],[-3.102834840042926,51.48232746243319],[-3.103199724548969,51.48214196330189],[-3.103316618810497,51.48208253637303],[-3.103353416282562,51.48206382887591],[-3.104104386648546,51.481698784210145],[-3.104421779859002,51.481544497354236],[-3.104837118380138,51.48134259498212],[-3.105656724322085,51.48096111171663],[-3.106367781846414,51.48066114918202],[-3.106896221508577,51.48042615772037],[-3.107245608088452,51.48023496697959],[-3.107259765007432,51.4802272198893],[-3.10801116593397,51.47988189066045],[-3.108243382201282,51.47977516690689],[-3.108256170429447,51.47976847568488],[-3.108412198500136,51.47968683840746],[-3.108825368783224,51.47947065741522],[-3.109772544731921,51.47903618607505],[-3.110827947451619,51.478508677368254],[-3.112537934856581,51.47763568902733],[-3.112765575650084,51.477530025875005],[-3.113756322303217,51.47699735118863],[-3.114430158341201,51.476686188446756],[-3.114766160788142,51.476493238187025],[-3.115557555586047,51.476094697804236],[-3.116096128131501,51.47578817263919],[-3.116127632816358,51.47576005865821],[-3.116389452998527,51.47562704965411],[-3.116611242132863,51.47558211901827],[-3.116927975672058,51.47544510427636],[-3.11705986363809,51.475394597018266],[-3.117365133087671,51.47527768984824],[-3.117363761085936,51.47527398915632],[-3.117364747261379,51.47500275860983],[-3.117488900813164,51.47478268938309],[-3.117704930707723,51.47458078119825],[-3.118025040585289,51.474273193870474],[-3.118758185287213,51.47371899422025],[-3.118998055201752,51.473541475745236],[-3.119147359886057,51.47343643452705],[-3.119169875359561,51.47342063267345],[-3.11925777139623,51.47335894757404],[-3.119457639099798,51.47323025061885],[-3.11957960973187,51.47315445145391],[-3.119779620334024,51.47303360002802],[-3.119901687474237,51.472959843516776],[-3.120131648979678,51.472825462730405],[-3.120515179603349,51.47261228182189],[-3.120757072299511,51.47249487089187],[-3.120895137736331,51.47242970711455],[-3.121030257654609,51.472361873680086],[-3.121221986274397,51.472253933418266],[-3.121329843242622,51.47218995713159],[-3.1219870549708,51.47180600095198],[-3.122177052588237,51.471686385853026],[-3.122806326120033,51.471279312695515],[-3.124365818383566,51.47029231932565],[-3.12443967017821,51.470251144739315],[-3.124460835166235,51.47023934371932],[-3.125374012154039,51.46970600243992],[-3.125389231659995,51.46969711331331],[-3.125473093881619,51.46965314615308],[-3.125566788231389,51.469599193187115],[-3.125656119893808,51.46954348358618],[-3.125754309103463,51.4694966810568],[-3.125845323285925,51.46945084654021],[-3.125940611173269,51.469403172488285],[-3.125966384996247,51.46938901685621],[-3.126027262519363,51.46935558128133],[-3.126106694594052,51.469307160113246],[-3.126187632331545,51.46926142208142],[-3.126226030655549,51.469242169794356],[-3.126277228370266,51.46921650005888],[-3.126297755620891,51.469205441284366],[-3.126363901160052,51.46916980760947],[-3.126404358721349,51.46914648901063],[-3.126444816241176,51.46912317039801],[-3.126527148382761,51.469075620301126],[-3.126562420963592,51.46905690148842],[-3.126623785521289,51.46902433585771],[-3.126737362592142,51.468959400333326],[-3.126853574317185,51.46888454799811],[-3.126906443473638,51.4688466415681],[-3.126915489122232,51.46884015582208],[-3.12694128632604,51.4688216592281],[-3.127030614779653,51.46876594859058],[-3.127116997777665,51.46870756854159],[-3.127198929446099,51.46864383591098],[-3.127246476981573,51.468618719676506],[-3.127285622368479,51.46859804179079],[-3.127354776697604,51.46854162560104],[-3.127470476365062,51.46844609557644],[-3.12757630228494,51.46838343412412],[-3.127610955087363,51.46836291622073],[-3.1277104016712,51.46830890620101],[-3.127797182157699,51.468266707720794],[-3.127898156387694,51.46821627971588],[-3.128019259132782,51.46816475880043],[-3.128118971023231,51.468121536479735],[-3.128291224144799,51.468042546725016],[-3.128503312275397,51.46794428984403],[-3.128656897003921,51.4678672776172],[-3.128739291153074,51.467822422992676],[-3.128834284001293,51.46776305956837],[-3.128909303495653,51.46771108207064],[-3.128994442569552,51.46766080553801],[-3.129150837557755,51.46758106794786],[-3.129331367473146,51.467487609477246],[-3.129457779732769,51.467418051583046],[-3.129475300920604,51.46739732403603],[-3.129493014768707,51.46738625941642],[-3.129502968338298,51.46738077004692],[-3.129554636549532,51.467351343690176],[-3.129577071924236,51.46733856733174],[-3.129580570038881,51.46733657514322],[-3.12959634582651,51.46731600466695],[-3.129682744999232,51.467258521750416],[-3.129807472367193,51.46717908831303],[-3.129933705240588,51.46710233784713],[-3.130088435022286,51.467013622759914],[-3.130244492377959,51.46692039857705],[-3.130445673246056,51.46678897205769],[-3.1305293250811,51.46673691023058],[-3.130986153275513,51.466464538377735],[-3.131175021490116,51.466359306646666],[-3.131372524573064,51.466253991299695],[-3.13149078403988,51.46620429254424],[-3.132036550093019,51.465925303350616],[-3.132320477911216,51.465763940043146],[-3.132446708473585,51.46568161161967],[-3.132549333767304,51.46564015571464],[-3.132573305589408,51.46563414492462],[-3.132653776794733,51.46561396888074],[-3.132755140684692,51.46557971872613],[-3.133000310718893,51.46548113388485],[-3.133117216275499,51.46543504341196],[-3.133285199575966,51.46535878500063],[-3.133493806304085,51.4652371727524],[-3.133580441795629,51.465189575946205],[-3.133614812943668,51.46517561243565],[-3.133680208736225,51.46514904588176],[-3.133798284457745,51.46509215277609],[-3.133847097507013,51.46502873549722],[-3.133911853637974,51.464969660134805],[-3.133989495919419,51.46490776247022],[-3.134073051073986,51.46485210210438],[-3.134379488724518,51.464670193644004],[-3.134467360680857,51.46461449123073],[-3.134680122300475,51.46448654199154],[-3.134859802689931,51.46435981160483],[-3.134939127295509,51.46430778833012],[-3.135113227955651,51.4641883053074],[-3.135230718897029,51.464108036547145],[-3.135545367852304,51.46385140990574],[-3.135744120302987,51.46368133089405],[-3.135838693282035,51.46360577959102],[-3.136203470825591,51.46328122406342],[-3.136335693792811,51.46315674965286],[-3.136435485173863,51.46305956601097],[-3.136449497145924,51.46304414347146],[-3.136477521062015,51.4630132983874],[-3.136491533006045,51.46299787584289],[-3.136651241687889,51.462820979914426],[-3.136714350716962,51.462753825865654],[-3.136767452403569,51.46268946646217],[-3.136913639115993,51.46254777082097],[-3.137021951179414,51.46244600794194],[-3.13703742429236,51.4624314703797],[-3.137202899814757,51.46231296702583],[-3.137276237995144,51.46225200799032],[-3.137342246016356,51.462185724691544],[-3.137403690378925,51.46210959420649],[-3.137487400558161,51.46200267421094],[-3.137549224671405,51.46194182669804],[-3.137612241724156,51.46187107615895],[-3.137672715826951,51.46181383855578],[-3.13776473909364,51.46175179868432],[-3.137855591439034,51.46170056074049],[-3.13797826129595,51.46165530846536],[-3.1382866761526,51.46155429978499],[-3.138341216472887,51.461531910253655],[-3.138355214887343,51.46152616321609],[-3.138392120325008,51.46151101273945],[-3.138489562779851,51.46143543137508],[-3.138541109416892,51.461366590137224],[-3.138552497819814,51.46127475911416],[-3.138588314534903,51.461210117085166],[-3.138680130723274,51.46116876055015],[-3.13877970714716,51.461207808764435],[-3.138886725690656,51.46125667602794],[-3.138934696113398,51.46118876856835],[-3.138922897985643,51.46111964322796],[-3.138907457306873,51.46104875482736],[-3.138880195466787,51.46099056852836],[-3.138877051474133,51.46098385671457],[-3.138851346770269,51.46090542463081],[-3.138871086215035,51.46083104724467],[-3.138937257862068,51.46077150557595],[-3.139031447168157,51.46071226090023],[-3.139055598555534,51.460697069550584],[-3.139085646493647,51.46063203379069],[-3.13906573165626,51.46055489433029],[-3.139032629585461,51.46049102597617],[-3.139030952641261,51.46048779068688],[-3.139004752353796,51.4604183556463],[-3.138999124868516,51.460377993065144],[-3.138995112985767,51.4603492093339],[-3.13903954056548,51.46028358428319],[-3.139076491805858,51.460270841249695],[-3.139140157053739,51.46024888603179],[-3.13921570403433,51.46019015232919],[-3.139219038628967,51.46012177919415],[-3.13926932282747,51.46006014363863],[-3.139284265737842,51.460050152881074],[-3.139293035545388,51.4600442901769],[-3.139338412193447,51.46001395287681],[-3.139345070936948,51.46000950087675],[-3.139425225747102,51.45996241212184],[-3.139440736235338,51.45989167260059],[-3.139388845005519,51.45983102989451],[-3.139343205778743,51.45976133421049],[-3.139389555714833,51.45968624852337],[-3.139495061786604,51.45964565751009],[-3.139586605192509,51.459593512245604],[-3.139619799568687,51.45956890077288],[-3.139671403685024,51.45953064182563],[-3.139752234540895,51.459452972775516],[-3.139723875178138,51.459383558869746],[-3.139662372559374,51.459312668673896],[-3.13963188843292,51.459244624228475],[-3.13969379566626,51.45918737160387],[-3.139789453449848,51.459127093195676],[-3.139792641486188,51.45905287652062],[-3.139749250654097,51.4589867560111],[-3.139697833118639,51.458916217405935],[-3.139690880713024,51.458839401638734],[-3.139718689604463,51.458771240181974],[-3.139757414529084,51.458707918318225],[-3.139796466742944,51.458628856901555],[-3.139783690883784,51.45854940008825],[-3.139755939588287,51.458475484170705],[-3.1397180703073,51.458399868157734],[-3.13965314469583,51.45827820526751],[-3.139641223131761,51.458204135453755],[-3.139636916414634,51.45808907708944],[-3.139634427011586,51.45801806286481],[-3.139642819910778,51.45795053974678],[-3.139681477051127,51.457884520896116],[-3.139750398304947,51.457820006284024],[-3.139828863441138,51.45776304222468],[-3.139926710280242,51.45770409123668],[-3.140033968836476,51.45761852164629],[-3.140050129968776,51.45754507802703],[-3.140023255258381,51.45747744818171],[-3.139951961901442,51.457417893577116],[-3.13983651643998,51.457405977248875],[-3.139726185976118,51.45739715835819],[-3.139638106742203,51.45735709997447],[-3.139608542068966,51.45731636489148],[-3.139585938189374,51.45728521977547],[-3.139553691797845,51.45720415372062],[-3.139597429752412,51.45713988394882],[-3.139675174429991,51.45708292698742],[-3.139775256940806,51.45702710165892],[-3.139834868150867,51.45696447593114],[-3.139830298466655,51.45689662919336],[-3.139793452382389,51.456833142719006],[-3.139714525963625,51.4567849024267],[-3.139701185071152,51.456783239960146],[-3.139646214541576,51.456776389885434],[-3.139604073808862,51.4567711388909],[-3.139514433706468,51.45672614986878],[-3.13948375752227,51.456701150226024],[-3.139455083831281,51.45667778208349],[-3.139444648371776,51.45666927795628],[-3.13941279464791,51.45660394440201],[-3.139410160122293,51.45652708663129],[-3.139464071283138,51.45646676453149],[-3.139560364873001,51.45640333282544],[-3.139646089922123,51.45634899597374],[-3.139689163470951,51.45628698066758],[-3.139783678804516,51.456238852814174],[-3.139833790062506,51.45617047449276],[-3.13984132845199,51.45609756432159],[-3.139830137891665,51.456023937004666],[-3.139799723044014,51.45595858956038],[-3.139772782456841,51.45588826261938],[-3.139796958525861,51.45581878759358],[-3.139881265659592,51.45576536356789],[-3.139977554801824,51.45573070662067],[-3.140087827597925,51.45570850271309],[-3.140115002635945,51.45570149970444],[-3.140137459718194,51.45569571245432],[-3.140189365714297,51.455682337149604],[-3.140255505943736,51.45562189575097],[-3.140250924594938,51.45555359951705],[-3.140179082598106,51.45550079452738],[-3.140071253589921,51.455476664882866],[-3.140057652800084,51.45549447041919],[-3.140021773268256,51.45554144029658],[-3.139934252695541,51.45558140735518],[-3.139830432997204,51.45560264916392],[-3.139716047673913,51.455604210725895],[-3.139610175471949,51.45557196864824],[-3.139570318490414,51.45550311603115],[-3.139587176745923,51.455428766453714],[-3.139619910748661,51.45532728593714],[-3.139632541651567,51.455256574323556],[-3.139657145860547,51.45517540528544],[-3.139707953233976,51.455106121017444],[-3.139799160055673,51.45506971517253],[-3.139915072600036,51.4550717355635],[-3.140022158695354,51.45509497335466],[-3.140138508327996,51.4551145240837],[-3.1402568707729,51.45512821018596],[-3.140335538826412,51.45513420094082],[-3.14037727961005,51.455137380160146],[-3.140434958001872,51.45514738679521],[-3.140482803852666,51.45515568700629],[-3.140599492152673,51.45515994722717],[-3.140738811041458,51.45514825078604],[-3.140843210463786,51.455179157345285],[-3.14090439054141,51.45522567581587],[-3.140929036593537,51.4552444149461],[-3.1410276021049,51.455272230837124],[-3.141138861915814,51.45526080698334],[-3.141258340282772,51.45523266743845],[-3.14128183916197,51.45516499712946],[-3.141212031626359,51.45510722725],[-3.141106643496709,51.45506553998944],[-3.141021366951805,51.455022308083],[-3.140931764376982,51.45494989352832],[-3.140827477544106,51.45492348205687],[-3.140725334125548,51.454954150172966],[-3.140710345829686,51.454964320512545],[-3.140644660423723,51.455008888299275],[-3.14053151172225,51.45503112071123],[-3.140401942765307,51.455000908298494],[-3.140325851929803,51.45495084238397],[-3.140215616952743,51.45494561991244],[-3.140087303403385,51.454965751318824],[-3.139981416405878,51.45499061025108],[-3.139872584211464,51.455012800057645],[-3.139758202912814,51.454985586552255],[-3.139832447273697,51.45493270998286],[-3.139870346769106,51.45491228440781],[-3.139927600721359,51.454881428522306],[-3.139952529120881,51.45481329496905],[-3.139928466846929,51.45474294006626],[-3.139919946017271,51.454729298098876],[-3.139911994882485,51.454716569596],[-3.139887991496031,51.454678140054796],[-3.139868279759574,51.45460909167334],[-3.139942534592052,51.454556664538806],[-3.140046696838837,51.45457813229335],[-3.140146811358469,51.45461042996932],[-3.14021822165598,51.45455937915249],[-3.140220138023094,51.45449191893669],[-3.140178156341408,51.45442443600831],[-3.140158444283404,51.45435538767552],[-3.140186294704414,51.45428902409311],[-3.140237234785604,51.454225133619595],[-3.140286825474616,51.45416485313111],[-3.140315372634911,51.45409758351831],[-3.140207071674811,51.45411212509521],[-3.140115986127481,51.454066700965015],[-3.140024318150625,51.45399790267769],[-3.139975929403981,51.45393317963326],[-3.140017426940759,51.45386578417517],[-3.140039163176333,51.453785092533195],[-3.140029115384618,51.453769541985004],[-3.140005480992245,51.4537329657662],[-3.139998744555761,51.453722540051906],[-3.139973891647223,51.4536985710652],[-3.139938282430184,51.45366422892741],[-3.139956723985654,51.45359570881687],[-3.139969660687621,51.453589102349085],[-3.140041992809867,51.453552166734035],[-3.140079184467091,51.453485262727895],[-3.140074471012427,51.45346875030103],[-3.14005947298469,51.45341621436286],[-3.140035444926379,51.453347207965685],[-3.139966744540799,51.45327593824853],[-3.139916928982063,51.45321167865628],[-3.139962899429995,51.453150534270144],[-3.140037263852206,51.45310260210098],[-3.140050012023243,51.45309438515306],[-3.140119913995044,51.45304065138322],[-3.140128912768196,51.452968626175306],[-3.14010131009743,51.452900553768224],[-3.140140749085285,51.45283722476688],[-3.140198307992898,51.45280046867657],[-3.140217248697065,51.45278837249566],[-3.140224390632144,51.45278389235983],[-3.140296603452775,51.45273859318453],[-3.140372889801962,51.452681200282],[-3.140358978492642,51.45261389398643],[-3.140329600655912,51.45253235057429],[-3.140354448785588,51.452461070413044],[-3.140389830444665,51.45237934674637],[-3.140342354506412,51.45234010428834],[-3.140323703888732,51.45232468778954],[-3.14036456972244,51.45226089521792],[-3.140453636672087,51.452196633788894],[-3.140423794558862,51.452172948118964],[-3.140385363253265,51.45214244535866],[-3.140418307640514,51.45207917582699],[-3.140419012233149,51.452077823738364],[-3.140530230831404,51.45206505201624],[-3.140648845324833,51.452060301229366],[-3.140801068766644,51.45207590540619],[-3.140860720836245,51.45208423896035],[-3.140909385292962,51.45209103742562],[-3.141019753959893,51.45210662236439],[-3.141028538038105,51.452107862331275],[-3.141151379386027,51.45209947301473],[-3.141236195690992,51.45203795002329],[-3.141300980231938,51.45198111807249],[-3.141393304350527,51.45193211098314],[-3.141504950064889,51.451907644297904],[-3.141616762528767,51.45191869513078],[-3.141656782661216,51.45193798491257],[-3.141671456083492,51.45194505738562],[-3.141702708341453,51.45196012165994],[-3.141790070703944,51.452000635109584],[-3.141909245966196,51.452018358122416],[-3.14202511717585,51.45201902798915],[-3.142148754996772,51.45204255223085],[-3.142212718113471,51.4520967807289],[-3.142216389489406,51.45209989313658],[-3.1422654674816,51.45215776278908],[-3.14227273793534,51.452166336172574],[-3.14235677351566,51.45221767226803],[-3.142482085794236,51.45227939675483],[-3.142587470300239,51.45226353265481],[-3.142574163014035,51.45219172462031],[-3.142525604211515,51.452120260103605],[-3.142470873931715,51.45206099519234],[-3.142368628542845,51.45200084438864],[-3.142268506995376,51.45196809905918],[-3.142166666150816,51.4519241301244],[-3.142121321145259,51.45191148098322],[-3.142062318202447,51.45189502267665],[-3.141950146588999,51.45186958822299],[-3.141843333673295,51.4518571455814],[-3.141839728117149,51.45185672568931],[-3.141805404529563,51.45185301345937],[-3.141757967714549,51.451847883156816],[-3.141732940442807,51.451845176527485],[-3.141719794899148,51.45184390534844],[-3.141614642175716,51.451833739346654],[-3.141476919756115,51.4518224911566],[-3.141457445598726,51.451822120535354],[-3.141367490131,51.451820409208835],[-3.141262207140174,51.45184031772226],[-3.141157282913874,51.45187461019258],[-3.141103345665672,51.45193358454725],[-3.141038919765957,51.45200480044192],[-3.140930850069887,51.45199955757616],[-3.140821702225272,51.45197993755821],[-3.140732946754107,51.451941235384666],[-3.140629319074519,51.45191211965441],[-3.140595410902105,51.45191230924684],[-3.140520675926358,51.45191272692894],[-3.140458135770555,51.45185758354656],[-3.140476575861879,51.4517890633464],[-3.140562627513412,51.45174821091711],[-3.140636224197737,51.45173886242353],[-3.140685288636871,51.451732630068946],[-3.140795459866581,51.451735604659135],[-3.140902921629183,51.45174534967235],[-3.141015477191281,51.45172851798146],[-3.141093896780838,51.45167020461534],[-3.141106614194896,51.4516030888407],[-3.141110133598354,51.451599017982396],[-3.141158370395285,51.45154323648759],[-3.141238700988886,51.451475012985526],[-3.141342297583184,51.451445229470586],[-3.14147385974013,51.45144035180524],[-3.141580356171399,51.45141143906893],[-3.141513386819684,51.451351843262046],[-3.141483669757392,51.451285590190174],[-3.141489136358243,51.45121629690741],[-3.141487587155739,51.451200064854795],[-3.141482316980554,51.45114487518418],[-3.141557205272405,51.45108929354539],[-3.141671140301113,51.451098974826905],[-3.141761479578117,51.45114350581132],[-3.141791610119933,51.451162083454875],[-3.141830918396452,51.451186318636246],[-3.141842601412821,51.4511935218234],[-3.141913026182941,51.45124549975523],[-3.141922831981348,51.45125273740345],[-3.141926173404072,51.45125520379617],[-3.142035410909878,51.45124964370886],[-3.142076194852575,51.45118270404738],[-3.142047143801681,51.451127648929344],[-3.142042205558948,51.45111829117286],[-3.142047626407425,51.451047199863574],[-3.142090680592995,51.45098473418909],[-3.142191364239405,51.45095362946188],[-3.142300285694379,51.45096425819483],[-3.142403136725693,51.450991131964265],[-3.14243140658157,51.45099893331748],[-3.142503852124025,51.45101892567585],[-3.14255571479436,51.45107866813605],[-3.142562951262533,51.451166721334715],[-3.142572538201662,51.451187318099265],[-3.142578796170185,51.451200762523776],[-3.14259336675148,51.451232068108],[-3.14262624371765,51.451309530375774],[-3.142650285782804,51.45137898574246],[-3.142700755157753,51.45144054015749],[-3.142791028721406,51.45148237332356],[-3.142879022546318,51.451432957653175],[-3.142861005634395,51.451368733723726],[-3.142859274089499,51.4513625612599],[-3.14289071586724,51.4512961619886],[-3.142984734042455,51.4512574781716],[-3.143093072274911,51.4512447320922],[-3.143201421256982,51.45126121051002],[-3.143279004000123,51.45131350809076],[-3.143341793957306,51.45137853897745],[-3.143332755572543,51.4514487664002],[-3.14327228741123,51.451475423579424],[-3.143227417739773,51.45149520425341],[-3.143199607075486,51.45156291704069],[-3.143206887401731,51.45158754497263],[-3.143222402310009,51.45164002782865],[-3.143218441026145,51.45168128766862],[-3.143217296811439,51.45169320451865],[-3.143214408908018,51.451723283762064],[-3.143221332196708,51.45179875086467],[-3.143246724383574,51.45186459605417],[-3.143292338951628,51.45193339132154],[-3.143333805688554,51.45200897117976],[-3.143365313061122,51.4520891442526],[-3.143353362883527,51.45218682631893],[-3.143297840955501,51.45224086062801],[-3.143288029729844,51.4522504089155],[-3.14319945018621,51.45230522592473],[-3.143119694482861,51.4523676002187],[-3.143097222426477,51.45244740041033],[-3.14310344869203,51.45252377352789],[-3.143164599017345,51.45258072749128],[-3.14326410423017,51.45261752456046],[-3.143272070326309,51.45264833333988],[-3.143282426258807,51.452688384392346],[-3.143299567907599,51.45276959677676],[-3.143290454475036,51.45279468669607],[-3.143274656799687,51.45283818051392],[-3.143221474315049,51.45289849730815],[-3.143115762335817,51.45293010154168],[-3.14304155870967,51.45298432865137],[-3.143019547305296,51.45305378328322],[-3.1430264143431,51.45312700287576],[-3.143052582620536,51.45319508858076],[-3.143096838017484,51.45326704443572],[-3.143111185788103,51.4533228514028],[-3.143115171297568,51.453338353787146],[-3.143086763523208,51.45341101806438],[-3.143050363176049,51.45348061298012],[-3.143029554034243,51.45356938914409],[-3.142990837354566,51.45366148715228],[-3.142946635101361,51.453735654196194],[-3.142863571997776,51.453780975335874],[-3.142761511123391,51.453814791706414],[-3.1426762332015,51.45385788624636],[-3.142583366839785,51.45391409338174],[-3.142508340497393,51.45396428166458],[-3.142439867629202,51.45401755331673],[-3.142404344905994,51.45405970783062],[-3.14239729012335,51.45406807997768],[-3.142378363649716,51.45409053989375],[-3.142370017664426,51.45410328404399],[-3.142337465359627,51.4541529846342],[-3.142301713785658,51.45420667205834],[-3.142293767733573,51.45421860390661],[-3.142252160988418,51.4542815051285],[-3.142201875772542,51.45434269243737],[-3.142111638727835,51.45438898214589],[-3.141997726790683,51.45443820004628],[-3.141961919992489,51.454502843112095],[-3.142021733687891,51.454563857168104],[-3.14211622857141,51.45460160322694],[-3.142242256330005,51.454634096298385],[-3.142351164110244,51.45464382589997],[-3.142471730101253,51.454630511663765],[-3.142589884981054,51.45460710456277],[-3.142593465430045,51.45460639525484],[-3.142707826356933,51.45457515682278],[-3.142787912132888,51.454525818325855],[-3.142870532021708,51.454499163103215],[-3.142885696201303,51.454494270997856],[-3.142898563115347,51.45449011976149],[-3.142903604057308,51.45448778390398],[-3.142931208999889,51.45447499225872],[-3.142986775984069,51.45444924450677],[-3.143035724828421,51.45441743575415],[-3.143070349575998,51.454394935989164],[-3.143073876045105,51.45439264366434],[-3.143085252516794,51.45438713742432],[-3.143149245118935,51.45435616480403],[-3.143159199515911,51.45435134683779],[-3.14322939673122,51.45431456136037],[-3.143250121161518,51.45430370081398],[-3.143279891510592,51.45428588110805],[-3.143309427855281,51.454268201257186],[-3.143329531370457,51.45425616697317],[-3.143363662310607,51.454233326635055],[-3.143403849062765,51.454206434688004],[-3.143484326990415,51.45414405317909],[-3.143496209694974,51.45407244920391],[-3.14349112742389,51.45403110492116],[-3.143486272899084,51.45399161620778],[-3.143489827623211,51.453952979770875],[-3.143493063241217,51.45391781384287],[-3.143481278422651,51.4538559751335],[-3.143477325966736,51.453835238972786],[-3.143478850248884,51.45380905047434],[-3.143479709246296,51.453794303860626],[-3.143481856827857,51.453757412147155],[-3.143482589979567,51.45372916944972],[-3.143483689705953,51.45368680540333],[-3.143485200709213,51.453679140991575],[-3.143488397680696,51.45366292382939],[-3.14349710109351,51.45361878339864],[-3.143532680279659,51.45354514985831],[-3.14357993898276,51.45347814654856],[-3.143650410685296,51.45341856017699],[-3.14368174104687,51.453392476591794],[-3.143720904685084,51.45335987276603],[-3.143765699977442,51.45331834856606],[-3.143785609280052,51.45329989295803],[-3.143814972120406,51.45326454586875],[-3.143819125883774,51.45325954524117],[-3.143838701546059,51.4532359799063],[-3.143864331449959,51.453167389040374],[-3.14387333992673,51.45312458813883],[-3.143879124793198,51.45309710544949],[-3.143917828025631,51.45303333274083],[-3.144010657235113,51.45297577606643],[-3.144016893246159,51.45297335476336],[-3.144074799031369,51.452950871219144],[-3.144106869903204,51.45293841878252],[-3.144209602275156,51.45290279623621],[-3.144235252354809,51.45289308970141],[-3.144247389481601,51.452888496725926],[-3.14431082815063,51.45286449063851],[-3.144425588793778,51.45287820768378],[-3.144428900912347,51.45288294392562],[-3.144469621081138,51.452941172990165],[-3.144575793310932,51.45292799708006],[-3.144642744460971,51.45287159174695],[-3.144742924223003,51.452820257277814],[-3.144817534353883,51.45281099787846],[-3.144844238017854,51.45280768427831],[-3.144849096090412,51.452807081122984],[-3.144967082573932,51.45280592898608],[-3.145087440372487,51.4527845210889],[-3.145122476995236,51.45271808612256],[-3.145161065638463,51.45264981800893],[-3.145251497870635,51.4525828419317],[-3.145363300628097,51.45256466458944],[-3.145476576937299,51.45257659666314],[-3.145538505981056,51.452635789836684],[-3.145528717549632,51.452704675914],[-3.145558508948671,51.452773624890725],[-3.14562434279097,51.45280574747069],[-3.145648844029149,51.45281770330512],[-3.145773485534314,51.45282367909945],[-3.145752383222479,51.45275689331999],[-3.145664835805958,51.452709190859686],[-3.145605829240847,51.452651767640866],[-3.145610536530338,51.452581132761324],[-3.145635881960279,51.4525013040082],[-3.145569782784621,51.452447996569504],[-3.145529728211381,51.452435116311804],[-3.145454437548526,51.45241090659707],[-3.145370465707836,51.45236226976162],[-3.145401218843815,51.45229722538384],[-3.145449525047499,51.452291807742036],[-3.145493564501272,51.45228686878821],[-3.145511008923494,51.45228491250098],[-3.145628386084004,51.45225948666898],[-3.145655519168803,51.45219357837336],[-3.145678099229208,51.45211827273484],[-3.145707300342795,51.452048747331396],[-3.145747786846534,51.45197011942188],[-3.145832260117587,51.45192388321452],[-3.145853547067351,51.45190509636046],[-3.145895622446933,51.45186796183682],[-3.145975627436483,51.45185248660472],[-3.146000892158627,51.45184759967806],[-3.146091345510626,51.451810297046876],[-3.146155603524456,51.45175740164451],[-3.146160440143162,51.451753420268766],[-3.14624225814536,51.45169940627524],[-3.1462489249361,51.45169500505117],[-3.146345302051491,51.45166438847103],[-3.1464534841583,51.45167412135331],[-3.146548965376792,51.451696075567185],[-3.14656784537305,51.451700416720186],[-3.146586655881124,51.45170474146449],[-3.146697916835862,51.4516937619148],[-3.146727161212019,51.45162603427042],[-3.146608194743202,51.451514825635435],[-3.146596738183943,51.45150411644134],[-3.146557650115996,51.451437506680875],[-3.146602766561946,51.451371422292375],[-3.146733090080238,51.451345868737256],[-3.146794731625985,51.45136426368595],[-3.146852716267179,51.45138156674878],[-3.146949186349481,51.45141209583377],[-3.147067638155331,51.451445311572556],[-3.147083976802338,51.45144989331886],[-3.14720544609744,51.45147298383483],[-3.14730098994389,51.45143787851124],[-3.147363585297112,51.451380165394404],[-3.147476202882235,51.451337249458135],[-3.147455344629891,51.45125157792249],[-3.147371508132508,51.451208336517126],[-3.147257963660254,51.45115277596441],[-3.147252147138634,51.451149929292505],[-3.147238188676813,51.45114309870587],[-3.147170504282348,51.45108396272817],[-3.147267587617704,51.45105288886355],[-3.147366878509019,51.45108114194943],[-3.147487415581579,51.45112447378517],[-3.147634629555338,51.45119856752778],[-3.147755336369753,51.45124864158919],[-3.147873512991544,51.45128390313941],[-3.147989371054672,51.451284117625534],[-3.148062025703875,51.45122585602782],[-3.14801797890387,51.4511624425807],[-3.147961757098549,51.45110230369284],[-3.147952169670456,51.45109204842084],[-3.147859302893997,51.45100438430172],[-3.147813000479914,51.45095033847055],[-3.147784432737816,51.45091699354104],[-3.14771547835873,51.45086461447131],[-3.147611321099971,51.45084315347595],[-3.147500362348226,51.45080872023991],[-3.147546949445951,51.45074396991796],[-3.14760287727993,51.4506786785386],[-3.147641644432714,51.45060815977727],[-3.147647608046222,51.45059731074136],[-3.147717474709185,51.45054267352712],[-3.147812364508275,51.45051027184652],[-3.14790678799283,51.45054531629118],[-3.148005248549879,51.45059785595634],[-3.148116667066672,51.450621943162375],[-3.148224172795597,51.45063347947645],[-3.148332101787368,51.45060454656457],[-3.148380619987464,51.45053078477536],[-3.14841803115981,51.450444542669494],[-3.148468337657762,51.45038470129855],[-3.148528794487195,51.45032790774879],[-3.148643109758555,51.45032409020384],[-3.14873990614759,51.45036765331436],[-3.148788303405937,51.450432372666896],[-3.148807256342472,51.45048833794646],[-3.148813951163961,51.45050810558535],[-3.148857617704523,51.45058501079433],[-3.148871097400503,51.45060601042251],[-3.148898056829936,51.45064800967369],[-3.148951501644635,51.450713129143985],[-3.14901647954457,51.45077903478638],[-3.149104896165506,51.45086134627849],[-3.149195614769746,51.450920704984284],[-3.149292209638914,51.45095617664047],[-3.149363592723372,51.45090467085815],[-3.149306583990525,51.45084093534519],[-3.149209594103501,51.45078973119059],[-3.149170650324365,51.45074858324083],[-3.149152676067887,51.4507295916003],[-3.149109897664631,51.450659421961525],[-3.149068569473164,51.45058968770454],[-3.149052869951071,51.450570440856204],[-3.149048415339673,51.450564979477036],[-3.149019723276581,51.45052980524844],[-3.149013629399584,51.45052233488533],[-3.148963984083425,51.45046071215733],[-3.148957924926434,51.45045319109914],[-3.148957140494664,51.45045095253141],[-3.148934672213737,51.45038687658653],[-3.148862263988594,51.45031160191886],[-3.148781911951219,51.45026383129078],[-3.148665900697492,51.450171448901244],[-3.148609376190202,51.450098266511375],[-3.148647317065356,51.45003315087354],[-3.148711829899126,51.44996597644478],[-3.14882727198944,51.44989245802336],[-3.148843675849084,51.44987856438028],[-3.14890407030453,51.44982741116203],[-3.148970605133213,51.449754821447414],[-3.149007027422049,51.449686573297534],[-3.149028308779303,51.44961712468832],[-3.149075645743257,51.44955371526764],[-3.149153569032422,51.449504843201495],[-3.149264507784843,51.449481275275765],[-3.149430725429673,51.44945266921875],[-3.149563320678536,51.44940326088557],[-3.149660869641747,51.44936228904928],[-3.149798564067201,51.44928675302751],[-3.14994322576514,51.44920215629462],[-3.150039286147291,51.44913062521328],[-3.150137941170613,51.449047828331956],[-3.150243540864183,51.44895507180006],[-3.150303880588798,51.448893782369744],[-3.150393890935435,51.44881062047354],[-3.150493320521762,51.44873006374493],[-3.150626985226055,51.448637481080844],[-3.150691821102269,51.448583341097155],[-3.150763533828776,51.44851654448019],[-3.150880663407239,51.448424573426344],[-3.150972698597143,51.448364770967316],[-3.151065724351835,51.44831574936965],[-3.151128153220958,51.448285632098454],[-3.151195109073603,51.448253331996504],[-3.151292303392525,51.44819842431835],[-3.151380451218539,51.44815574481402],[-3.151394668594557,51.44814886101697],[-3.151480692114662,51.448107551134036],[-3.151597330805134,51.44805335135061],[-3.151708854546758,51.44799605442677],[-3.151807588147411,51.44794517761251],[-3.151912535355045,51.44788389861368],[-3.152014525654845,51.44781950130307],[-3.152102151361462,51.44775614429498],[-3.152190796644507,51.447676141602415],[-3.152235708757081,51.44760241362883],[-3.152280604154926,51.447499461100946],[-3.152311259706011,51.4474024934634],[-3.152324764182851,51.447310190510294],[-3.152335798852258,51.44723409782038],[-3.152423077340948,51.44718558114329],[-3.152542159132506,51.4471713717731],[-3.152648332216667,51.447187413126024],[-3.152776991867125,51.447182101562376],[-3.152854827783637,51.4471300805301],[-3.152878900216229,51.447057456465295],[-3.152935365318953,51.44698541305417],[-3.152986678382363,51.44698490840262],[-3.153016650205774,51.446984613626604],[-3.153036791593085,51.44698441552965],[-3.153048300957161,51.44698430232984],[-3.153156875256562,51.44698143595364],[-3.153257213731436,51.44693728630337],[-3.153265941556982,51.446885001532],[-3.153269090762132,51.446866130960885],[-3.153314787705011,51.44679509252017],[-3.153426057546454,51.446785005606024],[-3.153552807324502,51.446789603424016],[-3.153631497053392,51.446742968808],[-3.153703842543191,51.446673016813165],[-3.153816868079518,51.44667550135345],[-3.153926676181499,51.44666452913064],[-3.154040289974219,51.4466332868577],[-3.15408069396586,51.44662025235643],[-3.15414092167091,51.44660082344955],[-3.154232009168553,51.44656081054084],[-3.154217421531688,51.44654522498027],[-3.154176551342197,51.44650155830843],[-3.154231756541469,51.446436720455395],[-3.154271739314201,51.44640968016434],[-3.154333627008273,51.44636782621437],[-3.154355919563066,51.4463388316211],[-3.154385178499158,51.44630077621141],[-3.154424535373146,51.44623519510115],[-3.154513123650319,51.446181718263],[-3.154622544709834,51.44615546243891],[-3.154685808885443,51.446096389941594],[-3.154712845963517,51.44602733319059],[-3.154684678478716,51.44596556253884],[-3.154682545812649,51.445960884212255],[-3.154681618132767,51.445958850317865],[-3.154784655466717,51.445936254105995],[-3.154874263010086,51.4459416659697],[-3.154886026021395,51.44594237647661],[-3.154893465451187,51.44594282563773],[-3.154966980995135,51.445890845774116],[-3.155008415218478,51.445822096728],[-3.155065249465741,51.44580464939622],[-3.155109797828605,51.44579097392967],[-3.15513894665081,51.445720097830716],[-3.155203546059102,51.44565696540236],[-3.155316736535625,51.44560909047513],[-3.155425667860162,51.44558311479468],[-3.155450476192826,51.44557719889964],[-3.155565513545195,51.445545491519205],[-3.155678862326643,51.44550390923495],[-3.155757420676032,51.44546602931872],[-3.155788330472244,51.44545112483061],[-3.155828475878322,51.445430990229156],[-3.155887088211113,51.44540159320056],[-3.15593367597545,51.44537628117139],[-3.155946132030362,51.44536951400659],[-3.155981484455632,51.44535030605077],[-3.156052857402762,51.445313390614615],[-3.156081623598951,51.44529851258299],[-3.156135677015046,51.44527282021903],[-3.156170492130769,51.44525627200737],[-3.156188989668607,51.44524799659001],[-3.156202463407473,51.44524022032652],[-3.156215195116365,51.445231552158106],[-3.156230838126523,51.44522420410803],[-3.156236501708658,51.445220551364805],[-3.156242142571163,51.445215999623834],[-3.156257009467383,51.44520641117091],[-3.156276203557014,51.445197229648464],[-3.156276412700364,51.44519707831493],[-3.1563546378981,51.44514070430007],[-3.156498339149189,51.44504756621494],[-3.156897241422674,51.44477521284439],[-3.15707193028013,51.44465569084329],[-3.157306095446979,51.4444982637798],[-3.157528201612365,51.444347699478264],[-3.157780004718086,51.44417660900326],[-3.158123675048379,51.44393986656567],[-3.158338617170919,51.443790720342115],[-3.158587687290447,51.443622177464285],[-3.158598212533313,51.443615055024715],[-3.158881098134277,51.443421624096906],[-3.159164015532393,51.44322954100949],[-3.159707829507269,51.44282674834242],[-3.160363120767935,51.443530626011324],[-3.160709391441439,51.44385181447595],[-3.161038158008414,51.4442217187882],[-3.161365315620864,51.444523317043846],[-3.161417760040299,51.44455156449087],[-3.161768928963729,51.4449482141623],[-3.162572959896242,51.44516237736193],[-3.162886263570539,51.4452590547907],[-3.163407254509956,51.445488604910985],[-3.164051136891476,51.445740305971675],[-3.164129287212516,51.44575750899102],[-3.164398462842344,51.44581686493364],[-3.164873109349898,51.44592191304765],[-3.16557277023283,51.44610374129769],[-3.16557421592252,51.44610462524556],[-3.165579978749792,51.446107265611396],[-3.165584413810075,51.446109019058355],[-3.165968622018284,51.44627788928922],[-3.166145129657277,51.446374120824856],[-3.166343162503946,51.446462945975114],[-3.166867301108813,51.446814708100014],[-3.167163191011517,51.44701861385722],[-3.167441558435432,51.44721460305976],[-3.167612286698084,51.44730729391055],[-3.16794699941793,51.44745147954792],[-3.168138516913365,51.44751249907097],[-3.168390618640782,51.447581005736915],[-3.168717547101027,51.44764786587885],[-3.169015127455026,51.44768984764473],[-3.169372554271296,51.44771505032475],[-3.169851662556742,51.447710270965615],[-3.170185253745755,51.447698850892],[-3.170648904310312,51.447651072659774],[-3.171255172573483,51.44755691972156],[-3.171576609055703,51.44746471092196],[-3.171880377978521,51.44735910417071],[-3.172647430357962,51.44702502299123],[-3.172927519697427,51.4468891751327],[-3.173351185549424,51.44674460904745],[-3.173734274187972,51.44664638417654],[-3.174127860982749,51.44655973920014],[-3.174536287300269,51.44655205375044],[-3.174796075574596,51.44652697712952],[-3.175046430235402,51.4465226701475],[-3.175170286590808,51.44652682330693],[-3.175351926897692,51.44654028491809],[-3.175597323635178,51.44656928843818],[-3.175832961888838,51.446610974709856],[-3.176008012925589,51.446649672197516],[-3.176303799275646,51.446677269605324],[-3.176569301665896,51.44676369283903],[-3.176916886636462,51.44684920076574],[-3.17807514552093,51.44723679606877],[-3.178577609001342,51.44746646469157],[-3.178897758030445,51.44766110639408],[-3.179190981840028,51.44781457589217],[-3.179599616473763,51.447869796400106],[-3.180035755324976,51.44787349790556],[-3.180389092138341,51.447845669670926],[-3.180950092775508,51.447726752104714],[-3.181166219149409,51.447683222976394],[-3.181460722496452,51.44760555285667],[-3.182665708866247,51.4472921653487],[-3.183241306487027,51.44717848343427],[-3.183708249808741,51.44714859971029],[-3.184011957145592,51.44715182596661],[-3.184479921239375,51.447165977586096],[-3.185143068048106,51.447267154602606],[-3.185407892224356,51.44737693796002],[-3.185781564802423,51.44752508514674],[-3.186147867237272,51.447668001195986],[-3.186664802806445,51.44790018667516],[-3.18713785846434,51.44816508736459],[-3.187693897434359,51.44851832063043],[-3.188147501724657,51.44880588707504],[-3.188839794848149,51.44936089845357],[-3.189530698957912,51.44981164200131],[-3.189684492037844,51.44991256267041],[-3.189716516380436,51.44998505314697],[-3.189796114756386,51.45016682305896],[-3.189989681828071,51.450305095901356],[-3.190372910554976,51.450819180836596],[-3.190633808019498,51.4512238453328],[-3.190914694335773,51.45161670926574],[-3.191256551977891,51.45209066731135],[-3.191631173809086,51.45266056795768],[-3.192355025018786,51.45348500488408],[-3.192743334157193,51.45385960274608],[-3.193458867341035,51.454477270296195],[-3.193871995429787,51.454756323461154],[-3.194187102585233,51.454971558688946],[-3.194267188892998,51.45511646229237],[-3.194276195968745,51.455297956782815],[-3.1942750059039,51.45530695819822],[-3.194254983334635,51.45553108884494],[-3.194168248346164,51.45579545173519],[-3.193844594771871,51.456244711394824],[-3.193753755263027,51.45634730658161],[-3.193667394765046,51.45645785630165],[-3.193475925428422,51.45661990613881],[-3.193387183826979,51.45675295358354],[-3.193332617869326,51.45686767379478],[-3.193274208002695,51.45705353999506],[-3.193270662753987,51.45730447074227],[-3.193261941818375,51.45741153363907],[-3.193312142586819,51.457516199627],[-3.193381207472367,51.45762525779029],[-3.193425870968669,51.45768143676928],[-3.193505435494373,51.45775164331681],[-3.19359641569817,51.45781813864577],[-3.193634492626888,51.45784471907208],[-3.193730655472695,51.45789147448068],[-3.193816379351122,51.457920267538924],[-3.194182804369481,51.45800912820194],[-3.194297196620764,51.45803133643752],[-3.194961969023076,51.45813333766235],[-3.195211407344289,51.45815057325433],[-3.195474123117907,51.45812632152696],[-3.195839511250294,51.458116304413025],[-3.196373595028585,51.458008378379475],[-3.196542335696285,51.45791226829881],[-3.1968899737471,51.45760928478558],[-3.197008243170558,51.457398534037694],[-3.197028205987726,51.45717260623149],[-3.196951456994547,51.45693337254576],[-3.196650510964098,51.45643465312222],[-3.19635972713867,51.456210996709835],[-3.196262134281886,51.45611400717297],[-3.196219762848536,51.45581410223728],[-3.196224877473683,51.45567831055903],[-3.196387325118645,51.45555970131773],[-3.196538650970219,51.455515008877626],[-3.196858399381437,51.4554667995562],[-3.197008288799534,51.45547156273784],[-3.197151855155738,51.455515943328024],[-3.197295824747054,51.455571107314476],[-3.197769117782817,51.45572637705823],[-3.198370640395922,51.45599719750564],[-3.199256667415842,51.456305558708294],[-3.199710086390817,51.45647172139583],[-3.199731891398747,51.4564795884708],[-3.199812511041191,51.45653539720242],[-3.199894909944647,51.456600266881765],[-3.20016096356534,51.457088456990476],[-3.200276096580835,51.45736064689305],[-3.200400758664632,51.45756172226986],[-3.20052384181275,51.45769800125703],[-3.2006777708245,51.45786102123629],[-3.201039809694977,51.45799934762648],[-3.201296959181501,51.45803446939062],[-3.201921100423174,51.458120747634396],[-3.202251573679505,51.458155112003425],[-3.202623734432227,51.45824028736855],[-3.202916203585046,51.45841356682356],[-3.203001573562836,51.45848730199832],[-3.203021500633674,51.458532044658824],[-3.203023203101686,51.458535919802465],[-3.203052175205027,51.458601847285465],[-3.203045856999557,51.45885819940311],[-3.203045803277625,51.45891033783225],[-3.203031321538315,51.45895992865049],[-3.202902176178076,51.45903146107498],[-3.202595654286464,51.45941674594896],[-3.202556258633216,51.45961581427983],[-3.202494185970802,51.46010385402142],[-3.202597396892391,51.460581118009955],[-3.202721321656637,51.460911642338964],[-3.202725972973421,51.460926067984246],[-3.202775481399595,51.461057703191614],[-3.2028656350609,51.461254633142644],[-3.203300765429602,51.46165297782389],[-3.203521632518013,51.46206340968396],[-3.203627222104893,51.462409404220544],[-3.203705841281741,51.46266398333009],[-3.203733422874534,51.463053927801944],[-3.203850386206495,51.46317776779636],[-3.204008234118432,51.46332177368395],[-3.204194833302329,51.46362918005822],[-3.20437308469761,51.4638944207299],[-3.204600701732067,51.4641726388699],[-3.204766054988622,51.46433094926855],[-3.205217418241753,51.4647444924522],[-3.20560725584266,51.46505699715022],[-3.206004927829177,51.465400883681305],[-3.206494951427075,51.46574921064939],[-3.206868170970798,51.46603401568494],[-3.206940127271368,51.4660890083918],[-3.207062137305719,51.4661830392068],[-3.207773469791404,51.46668109187032],[-3.208461721509226,51.467230621455265],[-3.209103939073056,51.46772661039811],[-3.209599422802619,51.46811362752519],[-3.210001110760508,51.468441291197436],[-3.210186123296025,51.4685787206767],[-3.210596694179711,51.46886044298056],[-3.21128348436326,51.4693524556615],[-3.211723075900128,51.46969860120015],[-3.21230962167114,51.47009806245636],[-3.212749890493016,51.47041542969783],[-3.213166787245458,51.47076899671687],[-3.213788376688495,51.4712445920321],[-3.214916176963618,51.47212765835152],[-3.217239286047281,51.47388758022663],[-3.218237798568114,51.47467217488301],[-3.218466667416351,51.474724634146895],[-3.218912348736482,51.474858442246266],[-3.219644529077013,51.47499295501474],[-3.219727081340865,51.474851766299395],[-3.22005724548476,51.47491854079881],[-3.221114456766782,51.47498484434731],[-3.222102330142139,51.47504197235498],[-3.222602504306022,51.47500619194726],[-3.223383964462379,51.474940505334985],[-3.224034557882387,51.4748203530534],[-3.224505190169387,51.47475880249498],[-3.224546823607215,51.47475297310593],[-3.224619875248713,51.47484759151614],[-3.224786802016174,51.47479002145387],[-3.224796699293036,51.47478272598914],[-3.224832769869525,51.474679866349405],[-3.224851065688379,51.47466259427489],[-3.22526386596905,51.47459175609219],[-3.226709784715523,51.474224147197546],[-3.227242385309049,51.47410970630526],[-3.22831566991103,51.47381070409793],[-3.228883623096181,51.473673501738624],[-3.229457506270915,51.473487599549955],[-3.229664296373733,51.47341620961628],[-3.230097590088371,51.4732516465676],[-3.230287448077215,51.472815269868704],[-3.230432567254423,51.47269328402337],[-3.230544791381556,51.472637269182115],[-3.230645119044956,51.47262003436573],[-3.230844035353958,51.472626935672906],[-3.230858493313776,51.47263037989894],[-3.230904083898667,51.47266586056553],[-3.23091998962949,51.47267018791427],[-3.231226187740425,51.472706527829445],[-3.231242018206576,51.472703663875514],[-3.231318837015443,51.472668696164284],[-3.231573384287165,51.47265613345461],[-3.23178639334962,51.47259995783319],[-3.232583738207445,51.472429671600366],[-3.232956279968829,51.472408115674924],[-3.233229258830116,51.47239231793659],[-3.2338336313671,51.47237876660494],[-3.234131644538141,51.47238012497836],[-3.234424438710699,51.47234198220437],[-3.234599217445741,51.47231227363153],[-3.234872823446436,51.47225814935865],[-3.235951030681773,51.47192935706473],[-3.236336336512248,51.47180024661963],[-3.237230671851635,51.47149046401435],[-3.237401987906289,51.47143381800282],[-3.237603471812491,51.471377752469394],[-3.237812077320394,51.471321611414865],[-3.238311697332101,51.471214661479394],[-3.238704959596249,51.47111251857508],[-3.239301006198787,51.47095429250962],[-3.240244057667963,51.470687124296845],[-3.240407191139244,51.470648540854725],[-3.240455963522253,51.47064352954705],[-3.240833364408827,51.47064852488434],[-3.240880591332001,51.47063903544651],[-3.241392639247816,51.47040878338249],[-3.242106695054397,51.47008559308365],[-3.242350665024968,51.469950860226774],[-3.242520112194307,51.469830311578356],[-3.242808361190081,51.46946847990847],[-3.243129338277782,51.46898763791437],[-3.24329691881706,51.46864137887632],[-3.243281792151039,51.46850849246983],[-3.243261175620955,51.4681211687845],[-3.243346100237244,51.467852287305654],[-3.243387152755518,51.46772060368158],[-3.243679454942106,51.46714198821982],[-3.243750497746961,51.466680788414976],[-3.243909716074923,51.46645067357395],[-3.243937013389658,51.46639374957526],[-3.243970031511474,51.46633766409983],[-3.244005922196218,51.466282447356],[-3.244046252649778,51.466228980133664],[-3.244090903479218,51.46617726639206],[-3.244199146350467,51.46608073809986],[-3.244388240119625,51.46594119108533],[-3.244440445482819,51.46590108234056],[-3.244506716796642,51.465850038185096],[-3.2445744332795,51.46579978614486],[-3.244645144158878,51.46575049231517],[-3.24472164749505,51.465704732022644],[-3.244742951153465,51.46569371798272],[-3.24482382358325,51.46565150810759],[-3.244909161563765,51.46561194661688],[-3.244938983838013,51.465599943783424],[-3.24499741797977,51.46557505082602],[-3.245321927469563,51.46543936789173],[-3.24611933823548,51.465278073681866],[-3.246391412615419,51.46522214345749],[-3.246584658910632,51.46518323205874],[-3.247015822019559,51.46499786589031],[-3.24753945864737,51.464773759528704],[-3.24776438617456,51.464677873429885],[-3.247829473027308,51.46469246303548],[-3.248045481150068,51.46474410199614],[-3.248060181145371,51.46475653101518],[-3.248107348120393,51.46479738049905],[-3.248233347529659,51.46477356595029],[-3.248206061423426,51.46473895768381],[-3.248196094774131,51.46472631733448],[-3.248169247576768,51.46469064420866],[-3.248164734240028,51.46468619795038],[-3.248160724756604,51.46468148735312],[-3.248053273316307,51.46455523680341],[-3.248585580380182,51.46449284508217],[-3.248594193725473,51.464490954920684],[-3.24876620344364,51.46446125536946],[-3.248939616270989,51.464435136595014],[-3.249116117527337,51.46441347896035],[-3.249292742604936,51.46439631493986],[-3.249301285482442,51.464396223917404],[-3.249469488651311,51.46438364366629],[-3.249637719378696,51.4643764573051],[-3.249807448370818,51.46437195149526],[-3.249975901111531,51.46437285257506],[-3.250106930032053,51.46437684918699],[-3.250365055275155,51.46439297510987],[-3.250623376957401,51.46441629035478],[-3.25069120962413,51.46442275880475],[-3.250948255514597,51.46445148049117],[-3.251202600859235,51.46448562398117],[-3.251793352435179,51.46461155195357],[-3.252038032836261,51.46450465732437],[-3.252043748906446,51.46450100025001],[-3.252103432559084,51.464474203152115],[-3.252166159863508,51.46445015928667],[-3.252228934803189,51.464427913324336],[-3.252296056318136,51.46440831763813],[-3.252363251474268,51.46439141789472],[-3.252366099621588,51.464391387450334],[-3.252482084086653,51.46437037012276],[-3.252601183494142,51.4643547138132],[-3.252606973214567,51.46435375269213],[-3.252647076972881,51.46434882961537],[-3.252687274126498,51.46434300540537],[-3.252725954512478,51.46433809752061],[-3.252766225399641,51.464334970161296],[-3.252806450561741,51.464334540043595],[-3.252816562380745,51.46433533114013],[-3.252857005293731,51.46433849376559],[-3.252895979172169,51.464344369751856],[-3.252935121691187,51.46435204236506],[-3.252972795139195,51.464362426542536],[-3.253410720801169,51.464425165125895],[-3.253584057845341,51.46444398641597],[-3.253774085384053,51.46444375148385],[-3.254627396007806,51.46459112631353],[-3.255126390056121,51.46472512137264],[-3.256006733941461,51.464909952764394],[-3.256488243662732,51.46504233083348],[-3.257297627671859,51.4652620736921],[-3.257701284834866,51.46533415312684],[-3.257988914613277,51.46543004116924],[-3.258016598988196,51.465439631713416],[-3.258202954606338,51.465465498188124],[-3.258477514178478,51.46550030562708],[-3.25861610983291,51.46551589742642],[-3.258868632420596,51.465539254430645],[-3.259122574535315,51.46555810043427],[-3.259376368546196,51.46557155396206],[-3.259883220665931,51.46557599221119],[-3.260455816998497,51.46556264210818],[-3.260776656421828,51.465553795413754],[-3.261223911540736,51.46553639596102],[-3.261670944764059,51.46551090694095],[-3.261844728098426,51.46549824740621],[-3.262288565296837,51.46546020502904],[-3.262732178494089,51.46541407225018],[-3.263171176421077,51.46535989732308],[-3.264529749014964,51.46524177145301],[-3.266718620655897,51.46505541460518],[-3.26730726260068,51.464996010396035],[-3.267446884720997,51.464997196777674],[-3.267700578076269,51.4650070374293],[-3.267954445849677,51.46502316836628],[-3.268110124140184,51.46503406895511],[-3.26826896144149,51.465047631884616],[-3.26840031969818,51.46506328960551],[-3.268424839234009,51.46506572180752],[-3.268453799562282,51.4650699025582],[-3.268608521673818,51.465093398231154],[-3.268761800830387,51.46512050527854],[-3.269130566807014,51.465230679239745],[-3.269593270978142,51.46530396540221],[-3.269845017604623,51.46529494454549],[-3.270009135342589,51.46529765999185],[-3.270420181451818,51.46511781761791],[-3.270431715683769,51.46511859176706],[-3.270650729146428,51.46517464859215],[-3.270844629810375,51.46515996022874],[-3.271059124025274,51.465053354490074],[-3.27144203832295,51.465262343047804],[-3.271591722799598,51.46541623748865],[-3.271714541837685,51.465637036092694],[-3.271836471941997,51.465881217417326],[-3.271921922022062,51.46615815727273],[-3.272081422674286,51.466302055761204],[-3.272336235962541,51.466509734194744],[-3.27247216850472,51.46663411165841],[-3.272623814161076,51.46680695215367],[-3.272773805680677,51.46686914796233],[-3.273026447952962,51.46704979013879],[-3.273141691224987,51.46720684379541],[-3.273244773665059,51.46734056607964],[-3.273535383486179,51.4675415590854],[-3.273908121353659,51.467792897932014],[-3.274109534981733,51.46794083313162],[-3.274457220562941,51.468276943905124],[-3.274813323592639,51.46860397355262],[-3.275063078632317,51.468837769742024],[-3.275529610774416,51.46919955279703],[-3.27589550862877,51.46946444421978],[-3.276135349357724,51.46964890402849],[-3.276590059317184,51.46999912547297],[-3.276966012372927,51.47031334686116],[-3.277443001512255,51.47074242897622],[-3.277982462656363,51.47082832860709],[-3.278134988573179,51.47098038509513],[-3.278324408344852,51.471212135714225],[-3.278858449328114,51.471876204220735],[-3.279113332489018,51.472342763735114],[-3.27939845645724,51.472909764744834],[-3.27960516893109,51.473245601794446],[-3.279905238226839,51.473680292602616],[-3.280001357174136,51.4738185790836],[-3.280151522952911,51.47383491708213],[-3.280303767877772,51.47454000746546],[-3.280428015305082,51.475173577633754],[-3.280881612691942,51.47599403682666],[-3.281125711764068,51.47643472999957],[-3.281277955028248,51.47677925147532],[-3.280907435283591,51.477072855970526],[-3.280961731592976,51.47720980169301],[-3.281081127427609,51.477513330603884],[-3.281357344951954,51.47750671357124],[-3.281549966323098,51.477597198836236],[-3.281778170915142,51.47808031508135],[-3.281900044954642,51.47837033213172],[-3.281896028100291,51.478485441495295],[-3.281851384488704,51.478637943036766],[-3.281856716624212,51.478675640646095],[-3.281857724190657,51.478711587164476],[-3.281854507965457,51.478749378322966],[-3.28185092323662,51.478778184127975],[-3.281853455335395,51.47881770989618],[-3.281860379708145,51.47885718849531],[-3.281862258339274,51.47887334919036],[-3.281879015429341,51.47895865533839],[-3.281901562364307,51.47904290988582],[-3.281929805962188,51.47912710297735],[-3.281963840490247,51.479210332569515],[-3.281992924670877,51.479269434822044],[-3.282252036192434,51.480138760141465],[-3.282392288426673,51.480469926085355],[-3.28218234083855,51.480477619036115],[-3.282282178784963,51.480701353151275],[-3.282541226580275,51.48079740163149],[-3.282594026353584,51.4810881729781],[-3.282632188167189,51.48126763522004],[-3.282806804111291,51.48158763626479],[-3.282978103594537,51.48189508888566],[-3.283136167773245,51.482137062053816],[-3.283344438163738,51.48237399052577],[-3.283625328097047,51.48273597554642],[-3.284182076932785,51.483381788903635],[-3.284920384778915,51.48428909633021],[-3.285346711264003,51.48480141065691],[-3.285675976570541,51.48519351942435],[-3.286102583057752,51.48566447684836],[-3.286392086189483,51.485972428395456],[-3.286752549191243,51.486396464397416],[-3.28718733982135,51.48684943821374],[-3.287459063877438,51.48719174222426],[-3.287694541543187,51.48746971951067],[-3.288806273365055,51.48843313714938],[-3.289218236180736,51.48884581155391],[-3.289929318265494,51.48944226662003],[-3.290219436446065,51.48971963765206],[-3.290285527079296,51.4897638573673],[-3.290183911994369,51.48983698125513],[-3.29115472899336,51.49049979002403],[-3.291964399377632,51.49101505009175],[-3.292595631193837,51.49138493370798],[-3.292987941510919,51.49160444749079],[-3.293176684785593,51.49171033045903],[-3.293585553040528,51.491956627754625],[-3.293376328358761,51.49209656465285],[-3.29382606282809,51.49246475749366],[-3.294140325828267,51.49272926704512],[-3.293931038151513,51.49276214061219],[-3.29410128270613,51.4929275568346],[-3.294320017011675,51.49291786097928],[-3.294661037629384,51.493313410229604],[-3.294750555332566,51.493471535741605],[-3.29503283205861,51.49412842797287],[-3.295156739687831,51.494435489440164],[-3.295252933300527,51.49472847405919],[-3.295376714955214,51.494980700308126],[-3.295529402779191,51.495234404591095],[-3.29589194738747,51.49516477550501],[-3.295840802073766,51.49569850850076],[-3.29584663615813,51.49585405182543],[-3.295855883153791,51.496079675802164],[-3.295897167016455,51.496366973943424],[-3.296005170457015,51.496770397452785],[-3.296103586286463,51.49704088194675],[-3.296157461436601,51.497365796690616],[-3.296175399008285,51.497541792622194],[-3.296264537492886,51.49779080482577],[-3.29640877541186,51.498051794036606],[-3.29652009877671,51.49821596969232],[-3.296810411269596,51.49844657588346],[-3.296986558762075,51.49861372096541],[-3.297217684504826,51.498889029272135],[-3.297501853798052,51.4992042037482],[-3.297805020988243,51.49948132147113],[-3.297890255108818,51.49953800022473],[-3.297932603795622,51.499611245781836],[-3.297970869275147,51.49963689115387],[-3.298385007823933,51.499914667386854],[-3.298756103061802,51.50004450121834],[-3.299032730208295,51.50024828534498],[-3.299303848556534,51.50035854942267],[-3.299847493464519,51.50057825079527],[-3.30084824733206,51.50071467139416],[-3.301924657097711,51.50087083462959],[-3.301856629422189,51.50106405374676],[-3.302478892732121,51.50115693251081],[-3.302740541731389,51.50123852914821],[-3.303470580570881,51.501528064034844],[-3.303492484366554,51.50168792361085],[-3.303822315042512,51.50178584093873],[-3.303837078312651,51.50164544018242],[-3.304369026549227,51.50186156963625],[-3.304971566425792,51.50212015011321],[-3.30561033914283,51.50229112741909],[-3.305876261857132,51.502422111685526],[-3.306322655773247,51.50266174746343],[-3.306686691875395,51.502896006031946],[-3.307128313024207,51.50317614464902],[-3.307518493844856,51.503468541827814],[-3.307906781000684,51.50379421966694],[-3.308127181439668,51.50394458432535],[-3.308522551314618,51.504214446563786],[-3.309003657847613,51.50456155983327],[-3.309399535865887,51.504799051069874],[-3.309590296711312,51.50487243437741],[-3.309992493716021,51.504928175345356],[-3.31004302251208,51.504983346023174],[-3.310800865202009,51.50517813630594],[-3.311319865588424,51.506496852450525],[-3.311573199435881,51.50713964866729],[-3.31163362298535,51.50708413696982],[-3.311704255465963,51.507036602214974],[-3.31176262936957,51.507008981620515],[-3.31342470234646,51.50668106302926],[-3.314046782212813,51.506569821765744],[-3.314840787879709,51.506417905076205],[-3.315970384743547,51.50631445004494],[-3.316289795383345,51.50630008017037],[-3.317052996895144,51.50628342746731],[-3.317972121231109,51.50622726304906],[-3.318763181125009,51.506274115133586],[-3.318835336188789,51.5062795973165],[-3.319580301153299,51.50633055760566],[-3.320133993871643,51.50638995665962],[-3.32086217427452,51.506509507657604],[-3.321693670189863,51.50666016379156],[-3.322223252904703,51.50673600569284],[-3.323025125679087,51.5069095498907],[-3.323665963328156,51.507044361551166],[-3.324409174286266,51.50718170080916],[-3.325101543807051,51.50730693301851],[-3.325720885115989,51.5074456619426],[-3.326500249525628,51.507587883274766],[-3.327172311577352,51.50775387631243],[-3.327929677257472,51.50788285227007],[-3.328495928838802,51.50798081502519],[-3.328738535113339,51.50799694765168],[-3.32916670480639,51.50810626760281],[-3.329483512846483,51.508197969940824],[-3.329791757991273,51.50824041524382],[-3.33029198741904,51.508298574402325],[-3.330900940634552,51.50832852989474],[-3.331904958544485,51.50836299147022],[-3.33269164696532,51.50840890006893],[-3.332744283810731,51.50841194437926],[-3.332774115611207,51.50841367032889],[-3.332847555483094,51.50841791807747],[-3.332950751256137,51.50842287014403],[-3.333000372898052,51.50842525078424],[-3.333161552755724,51.50843298470094],[-3.333189393242157,51.508434320418665],[-3.33339295511926,51.50844408694455],[-3.333407445486449,51.50844392237687],[-3.333429140921882,51.508446373609445],[-3.333625076557285,51.50844684488129],[-3.333723654735351,51.508447774395556],[-3.333734256319491,51.508447874269834],[-3.3339277760025,51.508449698816484],[-3.334553181728694,51.50844888425305],[-3.334805484630284,51.508436564221206],[-3.33490249573798,51.50843182704124],[-3.335084810581157,51.50842292354601],[-3.33509760715433,51.50842229868385],[-3.3351531563285,51.508419585927314],[-3.335212356760227,51.50842070989821],[-3.335738528718332,51.50842730743167],[-3.335861176440895,51.50848533214269],[-3.336031804891761,51.50865239378274],[-3.336141466732869,51.508705081769236],[-3.336248452615814,51.50871914662744],[-3.33631823534175,51.508740825122764],[-3.336398009680162,51.508758794749774],[-3.336567363113188,51.508784734448255],[-3.336567336775293,51.50878481927411],[-3.336532823184567,51.50883465998401],[-3.33659234851976,51.50889960559675],[-3.336637054683369,51.5089494378704],[-3.336643637138129,51.50897543283608],[-3.336689947710949,51.509080082530176],[-3.336705427259707,51.509117752228],[-3.336779197037322,51.50912949732335],[-3.336839292761672,51.50916117539589],[-3.336815649465452,51.50924235037253],[-3.336935239831266,51.50938661896361],[-3.33701485474252,51.50944782950438],[-3.337006890167981,51.50952073569304],[-3.337030722544502,51.50954743243483],[-3.337095186924072,51.50958625161735],[-3.337188106460879,51.509606768616855],[-3.337264833272771,51.509622074785426],[-3.337253569675796,51.509728370348355],[-3.337250055662635,51.5097544794325],[-3.337272067485626,51.50976771319684],[-3.337316064850248,51.50979328180185],[-3.337410950813516,51.50983624932889],[-3.337451684720393,51.50990050948922],[-3.337549532715871,51.51004062007019],[-3.337630178415941,51.5100882448887],[-3.337668645878421,51.51012376413258],[-3.33787325804106,51.5101241285731],[-3.337922230485707,51.510169417520096],[-3.337920628951859,51.51021618130785],[-3.337870741550868,51.51023293132324],[-3.337837414913278,51.51027556159016],[-3.337812033473176,51.51034605957371],[-3.337805008923699,51.51039827864368],[-3.337804385944603,51.5104297491659],[-3.337803561948618,51.510498978084144],[-3.3378300046998,51.51056609867031],[-3.337920532139082,51.510654961831435],[-3.338024908855643,51.51072577812271],[-3.338095131128918,51.51075823938525],[-3.338100644320797,51.51080042689963],[-3.338038270777753,51.510837096589825],[-3.337958936565888,51.510882949013876],[-3.33795893202892,51.5109314921161],[-3.337993175614302,51.511017491719706],[-3.338109606537834,51.511008972452444],[-3.338372186303917,51.51101676543311],[-3.338434860548431,51.51104301989452],[-3.338580042394788,51.511127663370175],[-3.338794621073338,51.511171961461415],[-3.338843449703661,51.51121635249734],[-3.338886392619016,51.51130315096374],[-3.338959398561399,51.51138592148938],[-3.339150413984006,51.51161126722282],[-3.339105828976412,51.51166301662217],[-3.33905410246859,51.51176698650078],[-3.339073235193234,51.51182789756943],[-3.339097043101018,51.51190232890595],[-3.33909989228887,51.5119508394739],[-3.339039496126462,51.51200636517122],[-3.338940151887566,51.51205873918983],[-3.338964431350939,51.51214925657014],[-3.33904791982948,51.51219235294183],[-3.339185681510454,51.512222334587875],[-3.339162793339753,51.51227653317554],[-3.339070753029833,51.51248074675309],[-3.338909760004584,51.51283776037747],[-3.338895052712358,51.512976457143736],[-3.338875668062195,51.51315017580902],[-3.338891124453665,51.51348279335101],[-3.339017165553013,51.51384642039378],[-3.339099752241959,51.51406122801132],[-3.338974879069328,51.514077934566586],[-3.339032271151372,51.514312895896886],[-3.33902607931723,51.51464477030122],[-3.339027265177773,51.51468520961634],[-3.338619767608858,51.51469614980329],[-3.338352464499633,51.5147225708238],[-3.338266515699971,51.51474161944402],[-3.338272412594721,51.514792792881224],[-3.338053520706951,51.51484922548374],[-3.33775085432759,51.51489762204958],[-3.33755028220602,51.51493856282297],[-3.337462273411314,51.51493596961528],[-3.337270367417398,51.515025354162525],[-3.33700395466428,51.515130959878014],[-3.336956228543288,51.51512431154369],[-3.336718905289449,51.51519263761728],[-3.33666763956573,51.51521120017047],[-3.336656353260543,51.51521941977527],[-3.336576491180167,51.515300335424826],[-3.336593220583797,51.51552677116465],[-3.336636366827314,51.51566921391382],[-3.336662416362064,51.515873069559504],[-3.336783082882913,51.51615495589408],[-3.336681077123866,51.51631163579738],[-3.33646498200214,51.51656139770729],[-3.336389432734295,51.516639568213755],[-3.336039807693641,51.51690703041607],[-3.336030262749104,51.5169260170504],[-3.336082877307976,51.51704686648927],[-3.336224599129954,51.51716301682104],[-3.33655783314773,51.517565639693906],[-3.33686002494726,51.517894093075355],[-3.336979678926179,51.51804375469412],[-3.337153291018536,51.51840863997538],[-3.337209349067992,51.518602265064075],[-3.337201123991624,51.51861764081898],[-3.337179976282922,51.51863406296344],[-3.337127306689582,51.51865354083634],[-3.336984097192942,51.51868573588576],[-3.336889596585717,51.51870928593842],[-3.33688810927426,51.518804592159206],[-3.336362688388554,51.51877911046492],[-3.336186286106311,51.51876134096943],[-3.335538797362806,51.51869858952388],[-3.335445636432175,51.518767970276734],[-3.335394969126104,51.51880720090886],[-3.335244009198417,51.51887103613971],[-3.335348332979986,51.519037054100636],[-3.335562997019671,51.519428443785145],[-3.33578043483498,51.51986573765149],[-3.33586903576205,51.520083174600146],[-3.336065782898568,51.520503623765926],[-3.336155497454528,51.52071026090678],[-3.336303899340723,51.52095677271419],[-3.336420752854024,51.52120544095537],[-3.336431220663239,51.52121790714424],[-3.33649927197282,51.52132590632325],[-3.336709690078079,51.521328005201624],[-3.3368907064015,51.52155167102765],[-3.337135159846192,51.52153090856355],[-3.337217070664749,51.52152368303637],[-3.337302079429332,51.52176821885666],[-3.337385092785385,51.52184727960698],[-3.337549394835146,51.521991128544364],[-3.337600919907354,51.52212718187159],[-3.33765047046606,51.52219583673059],[-3.337851060959644,51.522596461970714],[-3.338066671702865,51.52262546839303],[-3.338363745075287,51.522680514984636],[-3.338692086440987,51.52261833943908],[-3.339196144428126,51.52255406989752],[-3.339470673661264,51.522529363623484],[-3.339492639756863,51.5225407991621],[-3.339386224464016,51.52303751551863],[-3.339188440378187,51.52391202562937],[-3.339103153067815,51.52439582533258],[-3.339099915805069,51.52453259245984],[-3.339116396046112,51.52470140734367],[-3.339265000147687,51.52494971160201],[-3.339409083130421,51.52539224074573],[-3.339539761997315,51.52566951450282],[-3.339743340072293,51.5261222405734],[-3.339924546328174,51.526448379307425],[-3.340022424346554,51.526543450622945],[-3.340310640408035,51.52663994442346],[-3.340829015339926,51.526814805729266],[-3.340894683370581,51.52684102399691],[-3.340900755746786,51.52690208280905],[-3.340891952922237,51.52699486559336],[-3.340911966392236,51.52713397471018],[-3.340996553689268,51.527266052829326],[-3.34124247831778,51.52749256632821],[-3.341466686514635,51.52771213644739],[-3.341712405986212,51.52793145944945],[-3.341914486566586,51.52808556744499],[-3.342180964205405,51.52827498738041],[-3.342354304436558,51.528385374536164],[-3.342811471223772,51.52853935128529],[-3.343140534540783,51.528746841388454],[-3.343220747945157,51.52882691909956],[-3.343262682401706,51.52887857907096],[-3.343316499940153,51.528946283433726],[-3.343390815612869,51.529120728429994],[-3.343540546353328,51.52945450350099],[-3.343648759729303,51.529702274835735],[-3.343777305832677,51.529905854714286],[-3.343771227535532,51.53004256429258],[-3.343755080235134,51.53022892195193],[-3.343693041565807,51.53047153943656],[-3.343620320302957,51.53069441291377],[-3.343620299757285,51.530694498573574],[-3.343564698898611,51.53081200208321],[-3.343537464019855,51.53106590733322],[-3.343346069140521,51.53136843685168],[-3.343332685468936,51.53145488870446],[-3.343337258611847,51.531561811511686],[-3.343357025311279,51.53198696897603],[-3.343391826766708,51.53218793576614],[-3.343378630789102,51.5322807680389],[-3.343019702424616,51.53267510804939],[-3.342916057467829,51.532829114562574],[-3.342779108263639,51.53317237219761],[-3.342589487826233,51.53353969306605],[-3.342348311845408,51.53386796152104],[-3.342092201269153,51.534177524654424],[-3.341944477111475,51.5344012563334],[-3.341751940845125,51.534718183308655],[-3.341662124955441,51.53480101511587],[-3.341554063290156,51.534902124215016],[-3.341587698755045,51.53510865847492],[-3.341586469743419,51.53510819862702],[-3.341541205512358,51.5350889329076],[-3.341495888445899,51.53506786933539],[-3.341468105815286,51.535054698419195],[-3.341380486773986,51.53501703285923],[-3.341370977913054,51.535015371811944],[-3.341365993756635,51.535014500749554],[-3.341351527174703,51.53501286755572],[-3.341350504992005,51.53501282168153],[-3.34133564565597,51.53501214974159],[-3.341321258375531,51.53501321329691],[-3.341311221641766,51.5350151263775],[-3.341295445853728,51.535018004228476],[-3.341286265697926,51.535021000074835],[-3.341284968553541,51.53502116506039],[-3.341284286248096,51.53502164494389],[-3.341278307989208,51.535023595293445],[-3.341266988472595,51.53503091833929],[-3.341259966636982,51.535037293077686],[-3.341256548668333,51.53504118976851],[-3.341254386171819,51.5350436513528],[-3.3412502735096,51.535050892082495],[-3.34124624014152,51.535060829565],[-3.341243798454384,51.53507017426657],[-3.341243648144987,51.53507075058462],[-3.341243886030963,51.53507884084345],[-3.341245618154475,51.53508871247481],[-3.341248765221025,51.5350976687257],[-3.341250259458991,51.535099450098166],[-3.3412563685723,51.535111070176065],[-3.34126258341754,51.53512628592415],[-3.341265653959435,51.53514033802651],[-3.341265915516034,51.53514153459793],[-3.341266470594106,51.535160411868155],[-3.34126403719032,51.53517572639383],[-3.341256997938773,51.535203575592085],[-3.341256287623029,51.53520638837076],[-3.341248511613665,51.535236151429416],[-3.341240373338257,51.535255556019315],[-3.341236385024367,51.53526506495791],[-3.341232166613024,51.5352687100163],[-3.341222367703189,51.53527871334799],[-3.34120965959742,51.53528785068594],[-3.341195729476138,51.53529686439865],[-3.341195510106118,51.53529700448469],[-3.34118633116463,51.535301760081246],[-3.341181307747612,51.53530436044646],[-3.341164196192221,51.5353108504125],[-3.341161366291158,51.535312681171284],[-3.341142786918578,51.53531828867831],[-3.341124154682083,51.535322098347095],[-3.341104081061008,51.53532592447398],[-3.341099850391148,51.53532616162561],[-3.341073596913016,51.535327633127906],[-3.341063775237755,51.53532818321152],[-3.341062307427805,51.5353273007544],[-3.34104354304033,51.5353266158221],[-3.341024699370283,51.53532323413378],[-3.341005829275664,51.53531895352475],[-3.340970919005679,51.535308561543395],[-3.340966568436304,51.53530771200382],[-3.340941774273998,51.53529810371553],[-3.340907357764461,51.5352813072316],[-3.340894963040298,51.535275258535286],[-3.340881858496656,51.53527091207217],[-3.340848363246574,51.535259604678],[-3.340816388662656,51.535250977569945],[-3.340789822697766,51.53524579026011],[-3.340781584178425,51.5352441812028],[-3.34077867499761,51.53524331519915],[-3.34075262448644,51.53524001575187],[-3.340726626822405,51.53523851413432],[-3.340724987751435,51.535238476196966],[-3.340700655581199,51.535237911428794],[-3.340674763602711,51.53524000547087],[-3.340656104937244,51.5352429161476],[-3.340648352020147,51.535244877732715],[-3.340644242718625,51.53524522138868],[-3.340635438409391,51.535248203900224],[-3.340617478317719,51.53525324853624],[-3.340600366699585,51.53525973842026],[-3.340596691966212,51.5352613279277],[-3.340583281495487,51.5352671272196],[-3.34056913188337,51.53527628094319],[-3.34056066853188,51.53528267209435],[-3.340550869470721,51.53529267537037],[-3.340542538204468,51.53530356110928],[-3.340535648315662,51.535314430393534],[-3.340530226223291,51.535326182141205],[-3.340526245510314,51.53533791743468],[-3.340524936217449,51.53534242847766],[-3.340520068892416,51.535373057498845],[-3.340521959378789,51.53538832264769],[-3.340526732634943,51.5354035548886],[-3.340529773911433,51.53540891548746],[-3.340538739236008,51.53541960377677],[-3.340551975882998,51.53542844486704],[-3.340566627501608,51.53543637058357],[-3.340579837739838,51.53544431275285],[-3.340588776663971,51.535454102120426],[-3.340591870789783,51.535461260553156],[-3.340592134982745,51.53547024973091],[-3.340590969688336,51.535474263660824],[-3.340586897821679,51.535488293905324],[-3.340581370046241,51.53549644998395],[-3.340574480138435,51.535507319270195],[-3.34056465461415,51.53551642362939],[-3.340557606187358,51.535521899407975],[-3.340546286431448,51.535529222384405],[-3.340532031058722,51.53553478043228],[-3.340517749264599,51.535539439560644],[-3.340502026078864,51.53554411514096],[-3.340487744278699,51.53554877426567],[-3.340486329307167,51.53554968963694],[-3.340440653941885,51.53556549774168],[-3.340392016518497,51.535578641979896],[-3.340389160154252,51.5355795738023],[-3.340356193090521,51.53558624462487],[-3.340341832018558,51.53558820697841],[-3.340304355874046,51.53558863471664],[-3.34029423972913,51.53558785095704],[-3.340276863807363,51.5355853516156],[-3.340274013522456,51.53558492014935],[-3.340131800104107,51.53556337568699],[-3.339974735645367,51.5355608787234],[-3.339842265185754,51.53557099575036],[-3.339687744724834,51.535583441376374],[-3.339657463128209,51.53558827393469],[-3.339652688962253,51.53559067536008],[-3.339638433459492,51.53559623329971],[-3.339632694296696,51.53559719798983],[-3.33961977457943,51.53559914381208],[-3.339606828461033,51.53560019071486],[-3.339606652320935,51.535600182832766],[-3.339592388151571,51.53559945622265],[-3.339579362834018,51.53559780636827],[-3.339564922525691,51.535597071872665],[-3.339563454735651,51.53559618939678],[-3.339538845496087,51.53559287323833],[-3.339515677650695,51.53558954063316],[-3.339511327080525,51.53558869103966],[-3.339418655734963,51.53557536056969],[-3.339407098216529,51.53557459317388],[-3.339313038327084,51.535563076896636],[-3.339298598033449,51.5355623423682],[-3.33926979662744,51.53556357006039],[-3.339241021612509,51.53556569666368],[-3.339210831596753,51.535568738615865],[-3.339196470478385,51.535570700829325],[-3.339149089335163,51.535577535688546],[-3.339101734567428,51.53558526944684],[-3.339090256220649,51.535587198774344],[-3.339034200308241,51.53559323328667],[-3.33899103773865,51.53559642310237],[-3.338880288082442,51.53560577881709],[-3.338807040952922,51.53561560609768],[-3.338779733657223,51.535618615073346],[-3.338671998592924,51.535632432317996],[-3.338571523186006,51.53564796515096],[-3.338568666779411,51.535648896929175],[-3.338469606315485,51.53566351432678],[-3.338410825692998,51.535674974909156],[-3.3383649912147,51.535685388697715],[-3.338309198824472,51.53570041204793],[-3.338267741229938,51.53571257435509],[-3.338249088501254,51.53571761572703],[-3.338170464756178,51.53573886101364],[-3.338144598738345,51.535741853416724],[-3.338098172804002,51.53574238243128],[-3.33806388054304,51.53574277317316],[-3.337957375412695,51.53574938199133],[-3.337949919666112,51.535750765409546],[-3.33793156210829,51.535754172184454],[-3.337907242928651,51.535760743787115],[-3.337882950108101,51.53576821430324],[-3.337858683645226,51.53577658373286],[-3.33785155575405,51.535779362594226],[-3.337825953341746,51.53579134411224],[-3.337801818679003,51.535804208122734],[-3.337777710366765,51.53581797104678],[-3.337769193793088,51.53582256416041],[-3.33774423837979,51.535835221696004],[-3.337741837925042,51.5358367552325],[-3.337740844228756,51.53583694369836],[-3.337683948874729,51.535865798507125],[-3.337665289754114,51.53586870870918],[-3.337646577907835,51.53586982107118],[-3.337606165967619,51.53586848294821],[-3.337586012719142,51.53586961171864],[-3.337573092833358,51.535871557315886],[-3.337553071381471,51.53587718067354],[-3.337534517685134,51.53588368652917],[-3.337515990342523,51.53589109130046],[-3.337493244223418,51.53590214099347],[-3.337481504224824,51.5359087239019],[-3.337471965853586,51.53591407318423],[-3.33743528012221,51.53594146756467],[-3.337418405000696,51.53595604725339],[-3.337411356125516,51.53596152284391],[-3.337410439190108,51.53596236236633],[-3.337387484821071,51.53598337595548],[-3.337365081255128,51.53600611156567],[-3.337352583016115,51.536022439836565],[-3.33734160524168,51.53604144844707],[-3.337333536627553,51.53606132314563],[-3.337325494362024,51.53608209676219],[-3.337320018641004,51.53609205052556],[-3.337300655936116,51.53612014680568],[-3.337279825443313,51.53614736057808],[-3.337274296995616,51.53615551650204],[-3.337262062227139,51.53618083394925],[-3.337252736622492,51.53620701748619],[-3.337244694295566,51.536227791096906],[-3.337214827968563,51.536291076497584],[-3.337196308417584,51.53634793815553],[-3.337190727225039,51.53635429623817],[-3.337179512129564,51.53636521456543],[-3.33716682925918,51.53637525038577],[-3.337145603288735,51.53638898035456],[-3.337139969379911,51.536393540597544],[-3.337118637986023,51.536403674886984],[-3.337105823334245,51.53640921610759],[-3.337104048787992,51.53640987026177],[-3.337096265968372,51.53641274195853],[-3.337072384011228,51.536419488248974],[-3.337045354641314,51.536427079666225],[-3.337040648025253,51.536428841768746],[-3.33699326116243,51.53644044166987],[-3.336944259730632,51.53645107079241],[-3.336934248838943,51.53645388241824],[-3.336888624010721,51.53647148698139],[-3.336845855642028,51.53648815979052],[-3.336794412369158,51.53650403211493],[-3.336747240636325,51.53651805735662],[-3.336677269551173,51.53654133427716],[-3.33665305513877,51.536551501295705],[-3.336626036895732,51.53656439787779],[-3.33661716812746,51.536569725079204],[-3.336611521572906,51.536573118254275],[-3.336599042007438,51.53658463630722],[-3.336586678018058,51.53659901615522],[-3.336585450370526,51.53660061994615],[-3.336578345567061,51.53660990161383],[-3.336572843279843,51.5366189564234],[-3.336571559901656,51.53662436634137],[-3.336570381887637,51.53663337193432],[-3.336572060383421,51.536641445797564],[-3.336576621731666,51.53664948684974],[-3.336584118616704,51.536659292927965],[-3.336590121395386,51.53666731757394],[-3.336597539261234,51.53667442689506],[-3.336606372214449,51.53668062089107],[-3.33661523151212,51.53668771380512],[-3.336625505897616,51.53669389139364],[-3.336635806628366,51.536700967899954],[-3.336644665934588,51.53670806081174],[-3.336655045700116,51.536717834072476],[-3.336662516270417,51.53672674122678],[-3.336668545415073,51.53673566478729],[-3.336674600905392,51.536745487266145],[-3.336679214969151,51.536755326151514],[-3.336680919832487,51.53676429893166],[-3.336684382248281,51.53678404232922],[-3.336684903086023,51.53680181485065],[-3.336684961805764,51.536803818540406],[-3.336682447753149,51.53681643621578],[-3.336682051016201,51.53681711784314],[-3.336675583061221,51.53682820419279],[-3.336671416826448,51.536833646925146],[-3.336665809158827,51.53683910606402],[-3.336658733714777,51.53684368269052],[-3.336653422255343,51.53684798206226],[-3.336653099701465,51.5368482429101],[-3.33664455647963,51.53685193702353],[-3.336637454688804,51.53685561473004],[-3.336628885121827,51.53685840992364],[-3.33662570495859,51.53685917178916],[-3.336613134733017,51.53686218606558],[-3.336603927901408,51.536863113639896],[-3.336593007359745,51.53686421358535],[-3.336582917330831,51.53686432842523],[-3.336572800960468,51.53686354434553],[-3.336552515538777,51.53686017834609],[-3.336543787920771,51.53685758002118],[-3.33652921555244,51.53685235055947],[-3.336518967484032,51.53684707188148],[-3.33651016085003,51.536841776797885],[-3.33650506772808,51.536836895354625],[-3.336502742969996,51.53683466747146],[-3.336492336870046,51.53682399527868],[-3.33648636042698,51.53681686954667],[-3.336481825416836,51.536809727409974],[-3.336478705499478,51.536801669949995],[-3.336475559243848,51.53679271357115],[-3.336470892541367,51.53678107684022],[-3.336466252180513,51.53677033902783],[-3.33645872896295,51.53675963402347],[-3.336449685303281,51.5367462486663],[-3.336445202983586,51.53674090436557],[-3.33644216209367,51.536735543660804],[-3.336433197459243,51.53672485505859],[-3.336429620695859,51.536722169332386],[-3.336421402649457,51.536715997100515],[-3.33641112828625,51.53670981949408],[-3.336400932939356,51.53670633864307],[-3.336390763931651,51.536703756709976],[-3.336379179834828,51.536702090097904],[-3.336366154311178,51.536700439887646],[-3.33635459655298,51.53669967219193],[-3.336328650855312,51.53669996743973],[-3.336305667020456,51.53670292663384],[-3.336285116312866,51.536706596395334],[-3.336284957394128,51.53670663507164],[-3.336284150945954,51.53670676834032],[-3.336262661202883,51.5367115089617],[-3.336241197789986,51.53671714849797],[-3.336219760706009,51.53672368694917],[-3.336214047660458,51.53672555039133],[-3.336206034700314,51.53672839587158],[-3.336182652235081,51.53673669823715],[-3.336152892399142,51.53674953598004],[-3.336133680232436,51.536757799878814],[-3.336126264193098,51.536760989257125],[-3.33610122417991,51.53677251438041],[-3.33606112226439,51.53680147585316],[-3.336057138712408,51.5368073490088],[-3.336038868399791,51.536834280741395],[-3.336018281704369,51.536869854235285],[-3.336006073727643,51.53690596185734],[-3.33599970385393,51.53693462946985],[-3.335993210892954,51.536964017856825],[-3.335987938189311,51.53698583892656],[-3.335986080170107,51.53700609247804],[-3.335982939982332,51.537021954445656],[-3.335979620749484,51.53703170376495],[-3.335953451096633,51.53704405100229],[-3.335926485757704,51.53705330588107],[-3.335908197172488,51.53705958275258],[-3.335888538201843,51.53706751448514],[-3.335864162188144,51.537077348665214],[-3.335824773349999,51.5370912849942],[-3.335790198509887,51.5371021991316],[-3.335777066253244,51.53710636081828],[-3.335746052871518,51.537116189540676],[-3.335714994725589,51.53712409623509],[-3.335675373430239,51.53714486921633],[-3.335672835523388,51.537146736083905],[-3.335644319787204,51.53716770286458],[-3.335641568518059,51.53717223024746],[-3.335633235737899,51.53718311563892],[-3.335629227284865,51.537193951847996],[-3.33562791745651,51.537198462836606],[-3.335607710920078,51.537197793431],[-3.335587451739634,51.53719532618402],[-3.335570788273958,51.537192548274824],[-3.335567166239454,51.53719196001459],[-3.335546828099286,51.53718679600372],[-3.335537150621427,51.53718342248955],[-3.335511853350548,51.53719026188453],[-3.335405225540564,51.537142031819954],[-3.335200657308123,51.537049877003206],[-3.335127908664424,51.537078661702175],[-3.33508563834961,51.53706017415747],[-3.335106300412417,51.53697813377429],[-3.334934652892761,51.536926147278706],[-3.334675608883769,51.53689403203357],[-3.334640932644707,51.53689532534924],[-3.334539604335386,51.536930637292514],[-3.334341961582217,51.5369247928837],[-3.334132752338239,51.53692177540074],[-3.334081756627862,51.53690167900852],[-3.333946284456078,51.5368061302339],[-3.333929614148771,51.53672802017208],[-3.333914720574149,51.53671470467026],[-3.333777073436606,51.53669109717562],[-3.33359290820983,51.53655654711454],[-3.333578745489664,51.536515355601864],[-3.333495078046927,51.536516305692146],[-3.333355721519289,51.53643419420367],[-3.333275380637927,51.53634970582509],[-3.333159609875495,51.536285396114465],[-3.333146768127669,51.53624059358091],[-3.333048781459635,51.53619496005632],[-3.332967603761141,51.53622824347186],[-3.332889253705483,51.53626059641761],[-3.33285850151429,51.53624566324138],[-3.332860999585896,51.53622945345911],[-3.332869551670718,51.53617631781282],[-3.332828698121079,51.53616149927796],[-3.332793691544066,51.53614742366657],[-3.332822264135356,51.53608776807522],[-3.332813325697951,51.536078880038296],[-3.332733137762731,51.53604832645721],[-3.332722772329091,51.53603945370889],[-3.332750986433108,51.53591867335413],[-3.332815066527041,51.53584144421375],[-3.332550917093311,51.535833654854365],[-3.332458089451258,51.535814031532766],[-3.332432062051189,51.53581432684818],[-3.332161149650662,51.53581919880226],[-3.331860957648506,51.53585955083896],[-3.331581618434243,51.53586901131517],[-3.331535439282656,51.53587133246633],[-3.331472147795933,51.53587384851979],[-3.331464495016864,51.53590899399827],[-3.33146317439933,51.535912604944116],[-3.331452406771985,51.53593879715439],[-3.331487637271363,51.53600941525015],[-3.331452334837584,51.53603408809963],[-3.331190351988119,51.536149427996016],[-3.33093455942577,51.536277372516444],[-3.330809986825223,51.536062044893356],[-3.330689413354806,51.53573520116971],[-3.330619923776007,51.535574175191236],[-3.330557651629003,51.53556679050352],[-3.330450522015428,51.53554993447661],[-3.330346337698155,51.5355403277526],[-3.33032333499579,51.535542385872226],[-3.330280416582704,51.535554559190906],[-3.33025141142123,51.535595430793016],[-3.33022621242421,51.53567302649498],[-3.330183817991564,51.535703172804425],[-3.330081466786613,51.53570343287979],[-3.330067632464039,51.53562448087577],[-3.330001264881589,51.5355703964361],[-3.32993949866049,51.53553145123598],[-3.329706872671859,51.53551610653108],[-3.329574478193545,51.53547265725681],[-3.329441638856741,51.53546696922932],[-3.329347492552718,51.53550399382075],[-3.329267635575167,51.53553366464769],[-3.329149268891994,51.535526913249825],[-3.329035101779646,51.53551741835008],[-3.329009113763132,51.535470067406],[-3.328909563689725,51.5354154586613],[-3.32878601431487,51.53538179710634],[-3.328627438312468,51.53533324950631],[-3.328533213064833,51.53536757668265],[-3.328467813619359,51.53539978015891],[-3.328440559025812,51.535402785226246],[-3.328215994346744,51.53531722807717],[-3.32814589802311,51.5353351006097],[-3.328123392480363,51.53535423331586],[-3.328078301405537,51.53538980286542],[-3.327971082236058,51.53537393473251],[-3.327915640942109,51.53535208841332],[-3.327858721804182,51.53532845944389],[-3.32775813844738,51.535340384638786],[-3.327660498136435,51.535351377256646],[-3.32746612027149,51.53536346334646],[-3.327296013051253,51.5355110170933],[-3.327120463747692,51.53552468733131],[-3.326962945602983,51.535561526924646],[-3.32686807993785,51.535622919243714],[-3.326648210181311,51.53559654650986],[-3.326566339684827,51.535610146735706],[-3.326416069587605,51.535646903714316],[-3.326347529688368,51.535669252773026],[-3.326186198999319,51.53577535433812],[-3.326097872650903,51.535812310576816],[-3.326010909559245,51.53579800944952],[-3.325824069520593,51.535766857844095],[-3.325775643922287,51.53573684015274],[-3.325692843725153,51.53566945325293],[-3.325591971733504,51.535671491146765],[-3.325562045610579,51.53568081842246],[-3.325253461090955,51.53587847730568],[-3.325106474210195,51.535934162734165],[-3.32504974735854,51.535966266424595],[-3.32464384019163,51.53584220454628],[-3.324359310710709,51.535775295370875],[-3.324330664191206,51.53582865695643],[-3.324244032046515,51.5359240247194],[-3.324114455482568,51.53603075356356],[-3.323714917810898,51.536273571896544],[-3.323644905972536,51.53644606294571],[-3.323512536602971,51.53670654463265],[-3.323380049289215,51.536958937225],[-3.323100550205157,51.5375123398478],[-3.323062985765556,51.53761083974366],[-3.323087804145155,51.538019676817456],[-3.323091590610103,51.53834694546934],[-3.323188349251625,51.53870283177874],[-3.322927005560347,51.53873903718362],[-3.322667323099439,51.538783314445375],[-3.322471662441444,51.53880089003583],[-3.322245418839084,51.53880523596139],[-3.322054770005896,51.53879479688405],[-3.321993161387176,51.5388062774205],[-3.321941879288898,51.5388787713266],[-3.321767532182186,51.53908210066787],[-3.321702960029707,51.539143147743864],[-3.321693286531638,51.53925652551749],[-3.321760524725331,51.53933667488782],[-3.322072345657238,51.53949956230869],[-3.3221679062265,51.5395641104234],[-3.322256099905035,51.53962065115422],[-3.322286780598239,51.53978490549411],[-3.3222210260187,51.53995285152205],[-3.322167334580631,51.54004065571635],[-3.322114322853913,51.540151913686636],[-3.321826246150385,51.540410550942866],[-3.321680313027724,51.540449949656015],[-3.321664542980013,51.540455520630026],[-3.321561067729113,51.540466573759595],[-3.321468990367468,51.54047300426424],[-3.321277657765696,51.5404391982558],[-3.321150067920533,51.540418159529416],[-3.320879755538172,51.54049401591642],[-3.320832551333656,51.54050623303308],[-3.320721856408934,51.540567708337065],[-3.32073318204926,51.54060983244154],[-3.320804010559801,51.54076464525057],[-3.320894267225904,51.540847232972354],[-3.320983242779817,51.54093073515059],[-3.321071327474954,51.54093423862576],[-3.321269156625471,51.540941901814094],[-3.32160087577383,51.541044336230556],[-3.321694574331201,51.54114306600657],[-3.322558884542501,51.541558633683465],[-3.32282172151307,51.54167172904133],[-3.322853047660076,51.541706435735364],[-3.322743778348738,51.54176789687689],[-3.322321670420811,51.542132323320864],[-3.322079629586117,51.54224022893994],[-3.321869534487848,51.54235505555566],[-3.321808162847951,51.54242406823873],[-3.321671156400738,51.542525396240805],[-3.321434464171615,51.54276458037766],[-3.321359782610618,51.54282565214417],[-3.321276101756676,51.54282659359146],[-3.321229982569971,51.54282711242753],[-3.320936455815996,51.54279984923291],[-3.320742391573824,51.54277056761045],[-3.32029849731106,51.54262992436246],[-3.319576871159843,51.54266230663503],[-3.31937762291709,51.54265106117926],[-3.319304723284842,51.542675252940235],[-3.319283272405671,51.5426817867268],[-3.319163270187497,51.542721790837945],[-3.319092717045203,51.54272438084254],[-3.318960195732322,51.5427303644421],[-3.318969627412119,51.54275632903822],[-3.318985181350984,51.54279660808441],[-3.3190475829493,51.54295601452614],[-3.31917863037468,51.54314962014657],[-3.319035744597548,51.54314672969298],[-3.318089280661415,51.54313038655449],[-3.317333363639085,51.54312448136116],[-3.315354995103603,51.54322935298248],[-3.3146919804227,51.54329080221888],[-3.314545980466822,51.54322941804476],[-3.314507033700431,51.543128269966736],[-3.314371502913789,51.54303000091181],[-3.31427605940363,51.54307242137124],[-3.31411806338292,51.54314340934099],[-3.313807959139474,51.54324216756168],[-3.313520269040747,51.54331829077516],[-3.312992310202477,51.543461733905716],[-3.312709280408185,51.54360064068171],[-3.31267386158792,51.54362180308191],[-3.312502160246269,51.54377025251082],[-3.312242460068514,51.54391429088633],[-3.312019608745364,51.54403733120934],[-3.311664621939213,51.54408084859852],[-3.311218272491751,51.54415594990433],[-3.310860375570947,51.54424714251092],[-3.310520418527239,51.54431305276639],[-3.310107146020127,51.544434526692676],[-3.310144275048974,51.544472768448585],[-3.310361358774748,51.54469877440408],[-3.310606503788865,51.544999081839684],[-3.310996925068971,51.54538496685444],[-3.311219722364584,51.54561090887663],[-3.311441448825441,51.54579541918277],[-3.311699280668355,51.546085694761025],[-3.311747605562564,51.54616165680476],[-3.311702647282297,51.546202611906565],[-3.31152551560541,51.546311565553175],[-3.31109820799198,51.54659869861407],[-3.311055167457587,51.546656711832725],[-3.31100240951519,51.54672831904508],[-3.311208986053624,51.54698950123047],[-3.311197994855054,51.54705794493402],[-3.311115371072154,51.547046281059664],[-3.311033358442277,51.54705169103277],[-3.310954714848549,51.54707504151402],[-3.310816989305497,51.547148585335734],[-3.310767450789974,51.54718329828574],[-3.31067167973915,51.547264373527675],[-3.310598086710816,51.54736408055005],[-3.310540452053242,51.54746459783333],[-3.310362999697198,51.548013235887574],[-3.310325444218828,51.54821241557899],[-3.310370259981855,51.54836482946874],[-3.310335280233122,51.54845511535906],[-3.310287554700096,51.548648025674844],[-3.310330105357086,51.5487258510884],[-3.310387981659962,51.54888162549084],[-3.310363514023763,51.54893224017188],[-3.31027578042215,51.54889186549558],[-3.310142712807989,51.548978750079186],[-3.310043189080211,51.54892951711101],[-3.310020058291825,51.54882819261579],[-3.309983857645427,51.54882230323266],[-3.309892956551105,51.54882061927587],[-3.309824542870001,51.548848349995026],[-3.309799284481822,51.548875599902324],[-3.309611568620101,51.54886510553213],[-3.309471052153586,51.54884599489907],[-3.309399177832898,51.548753303532514],[-3.309348178889321,51.548733194857576],[-3.309278045204119,51.548705208977715],[-3.309322090471574,51.54862821736051],[-3.309168257013842,51.548596668350896],[-3.309107184008911,51.54863150975906],[-3.309078854415058,51.54864710743714],[-3.308783035776999,51.54864051221217],[-3.308599224008754,51.54862098334438],[-3.308600373366996,51.548561639201345],[-3.308599521353146,51.54853198256016],[-3.308492964777966,51.54853586532687],[-3.308397794383709,51.54853872295949],[-3.308219771474342,51.54851373469684],[-3.308120502449725,51.54852293044254],[-3.308037457246773,51.54854632769016],[-3.30788600161488,51.54849407579706],[-3.307929823460761,51.548463022965684],[-3.307970816290654,51.54843290170572],[-3.30782980618966,51.54844615667051],[-3.307729084020604,51.548454469036784],[-3.307673248564872,51.54841913129368],[-3.307646817393666,51.54840144632898],[-3.307623987741845,51.548409790517404],[-3.307472605356946,51.54846361440836],[-3.307360146507966,51.5484648650379],[-3.307308503954883,51.548422288572446],[-3.307263417922384,51.54840930615564],[-3.307190691989697,51.548390337432636],[-3.307039468769558,51.54834608228463],[-3.306980979201961,51.548367408231925],[-3.30682128680941,51.548330527929956],[-3.306770135592628,51.54820973734498],[-3.306637930389001,51.54817345051207],[-3.306517214624969,51.54813973260467],[-3.306383979706367,51.54812143677967],[-3.306223300805779,51.54809984888143],[-3.306007454268657,51.548066198313194],[-3.305869914712553,51.548047050535686],[-3.305726174495003,51.54796504438613],[-3.305592743533452,51.54789011462085],[-3.305505393144532,51.54791265956641],[-3.305341233048218,51.547918977656394],[-3.30511536367813,51.54788822349535],[-3.304778555949138,51.547911739532104],[-3.304637788385015,51.5478836358554],[-3.304580761731731,51.54785640117365],[-3.304444124125553,51.54786870528041],[-3.304170241926045,51.547822301655906],[-3.303926656140773,51.54777906651788],[-3.303533853867944,51.54781138020056],[-3.303321523363261,51.547850592251926],[-3.303268879615227,51.54782690344214],[-3.30323205951606,51.547799354221105],[-3.303107649905843,51.547835882656436],[-3.302888465732263,51.547938995026946],[-3.302508462027614,51.54796567990965],[-3.302251072756525,51.547992802884714],[-3.301988952610774,51.54805413778958],[-3.301618590481763,51.54816440602017],[-3.301314079844706,51.548261267920964],[-3.30112702158458,51.54827772354124],[-3.300893247230955,51.54837380664548],[-3.300647401564281,51.54845114410669],[-3.300601431292264,51.54845704698463],[-3.300561582783724,51.548423328495005],[-3.300456335794606,51.54842719142041],[-3.300428132264706,51.54844728111935],[-3.300185720681883,51.54849500362786],[-3.300090774186303,51.548501449734964],[-3.300011221200362,51.54854727785333],[-3.299934125249372,51.54857510082028],[-3.299872781469963,51.54859645571816],[-3.299832746932928,51.54861038362192],[-3.299774118073456,51.548576872871124],[-3.299653444576222,51.54859439041649],[-3.29947891458754,51.5485414864645],[-3.299358433272735,51.54841148380835],[-3.299239245324579,51.54833099871052],[-3.299041303810708,51.54816598474514],[-3.298791243682627,51.54804550594588],[-3.298539683263847,51.54792243737339],[-3.298333008205232,51.54785550474425],[-3.298189870394359,51.54779407171189],[-3.298041677378642,51.54780559942642],[-3.298017496220675,51.54781665375655],[-3.298011295470638,51.54785357902391],[-3.297990123766295,51.54787008432451],[-3.297820354335813,51.547933989065555],[-3.297716335671588,51.547980986214874],[-3.297336588036933,51.54816677202468],[-3.297227244050021,51.548072691779886],[-3.297126012564137,51.5480630237677],[-3.297041460182284,51.54808373445037],[-3.296717746033321,51.54816192485044],[-3.29524896296973,51.54854779004857],[-3.292509452591979,51.54923619715364],[-3.292182641023373,51.54935665729458],[-3.292069366239861,51.54937947874638],[-3.290720599442342,51.549525653668766],[-3.290718764632897,51.54956163103068],[-3.29070461643772,51.54972539413221],[-3.290674420115062,51.549725726150655],[-3.290386017304892,51.54972889684106],[-3.290137780889403,51.54967229533547],[-3.288991666819697,51.54968938137578],[-3.288498044048485,51.5496768212929],[-3.288228070974236,51.54961685858134],[-3.287704812546509,51.54972957368141],[-3.287343622688918,51.54980814791416],[-3.287326291219821,51.54980923627829],[-3.285947907003354,51.54966972679987],[-3.285537553809224,51.54964545623242],[-3.284899773700097,51.54963176303527],[-3.284400776375444,51.54968577021523],[-3.284129292371123,51.54972380375941],[-3.284110889662768,51.549737488796744],[-3.284245676782257,51.55011904851658],[-3.284247989535531,51.550150485949786],[-3.28412071116777,51.55085331891829],[-3.2840904696404,51.551058607018675],[-3.284024343957041,51.55121853212783],[-3.284004614907779,51.551235828390034],[-3.283811581761558,51.551243336490884],[-3.283651300310266,51.551189358623084],[-3.283604818520276,51.55117728267786],[-3.282802949624738,51.551076302969676],[-3.281315332142576,51.550850673615635],[-3.280376854238921,51.55086452613544],[-3.27985988144348,51.55089723055498],[-3.279709734659523,51.55104269965602],[-3.279660830723049,51.55120243485209],[-3.279382554150268,51.55140953146655],[-3.279330829102106,51.55141818707891],[-3.278945907781167,51.55142328767629],[-3.27867550768984,51.551449610171055],[-3.278652798305411,51.55146244306585],[-3.278617367137577,51.551589669898085],[-3.278511864272366,51.55163127298515],[-3.278394508754953,51.55166581353219],[-3.278038227997699,51.55176768387967],[-3.277919141467557,51.551791456123766],[-3.277799795923125,51.55180174675952],[-3.277667234401336,51.5518581176084],[-3.277636741887974,51.55185215749675],[-3.277464610345301,51.551731688743565],[-3.277368204333979,51.551635654485615],[-3.277352867785647,51.551606156325406],[-3.27733227203663,51.55148673218132],[-3.277348697143828,51.55135171262405],[-3.277370851830496,51.551217439889726],[-3.277416779548631,51.551108167305465],[-3.277433102393529,51.55107113319615],[-3.276959136131156,51.5510897828694],[-3.276372914181056,51.55112133923334],[-3.275884748230014,51.55119767069921],[-3.275331869511812,51.551235151502475],[-3.2750864290485,51.55122703456604],[-3.274421791514953,51.5511848226949],[-3.274398426597404,51.55117429001005],[-3.274402378743534,51.55090357615754],[-3.274392811305449,51.55071490277583],[-3.274368537830835,51.55051910759474],[-3.274334412275679,51.55032800514845],[-3.274290314149065,51.55014591070076],[-3.274231757198835,51.54996127675422],[-3.274163267391214,51.54977863906717],[-3.274083351818147,51.54960412566697],[-3.273987375630909,51.549420886580606],[-3.273875462602354,51.54923323654968],[-3.273758127581365,51.549060028828606],[-3.273609255568708,51.54889444447266],[-3.273398249044725,51.54867550973179],[-3.273167005087614,51.548451490115326],[-3.273973324209611,51.54757858087212],[-3.274133573441747,51.547377184630484],[-3.274263088832326,51.547212170087434],[-3.274370476550691,51.5469277484345],[-3.274427461361728,51.54664387386825],[-3.274284467784749,51.54611847256835],[-3.274058102779587,51.54581340672793],[-3.273633424547008,51.54553027353149],[-3.273327296686594,51.54536190344542],[-3.272795154982622,51.54510060989698],[-3.269974370471461,51.54360167063541],[-3.269602460366904,51.54334581702927],[-3.26927535180676,51.54309756797696],[-3.268883793139515,51.542810462998744],[-3.268463233796595,51.54246793677415],[-3.267435404004023,51.54154479750176],[-3.267195832282251,51.54133074662301],[-3.266945156465935,51.54113200706496],[-3.266716012373337,51.54098076752508],[-3.266505169955311,51.54086339900498],[-3.266244045252707,51.54070351502552],[-3.265695205161642,51.54051788274314],[-3.265209160706732,51.54030280401887],[-3.264812854071471,51.54010392466506],[-3.26420854718145,51.53978674147087],[-3.263602549278864,51.5394596850445],[-3.263289103662379,51.539285885375065],[-3.263111762404251,51.53917992622495],[-3.262932575713135,51.53906310923639],[-3.262654472842633,51.53886025098536],[-3.262270540474907,51.53853618881152],[-3.261974428245189,51.53825792292646],[-3.261852636040708,51.53812700194213],[-3.261727727101176,51.53799081098686],[-3.261572165462044,51.53778654159214],[-3.260661148996912,51.53816050256759],[-3.259540269404203,51.53861141323309],[-3.258576585890326,51.53896075397557],[-3.25736695452544,51.53943677877027],[-3.255985158605112,51.53994349137354],[-3.254717284577392,51.54040033622107],[-3.253728059979793,51.540766091205846],[-3.251292619748732,51.54166525263663],[-3.250811108947101,51.541825997727074],[-3.250794366141617,51.541844155669075],[-3.250737231663365,51.54212801801151],[-3.250723367869125,51.54214704354859],[-3.250573371344324,51.54225291977387],[-3.25018011951081,51.54263655555058],[-3.249868671546978,51.54295549212265],[-3.249351511925411,51.5434475083258],[-3.248866322527918,51.54394808152034],[-3.248684778111531,51.544113710621666],[-3.248154538079143,51.544654403185724],[-3.247438108855077,51.545352589753605],[-3.246945306125072,51.54584154871532],[-3.246751111013179,51.54601899596108],[-3.246559020980902,51.546217006451656],[-3.246585964931466,51.54651974934405],[-3.246425468926622,51.546768751747614],[-3.246244215893084,51.54715461233446],[-3.245989158867733,51.54737225793089],[-3.245942467422733,51.54756521532191],[-3.245753166215861,51.54791789968798],[-3.245716229398985,51.548202444181776],[-3.245708206230763,51.54849207462317],[-3.245698666705124,51.548512851013776],[-3.245544159022015,51.54866371591644],[-3.245507203324339,51.548682087014875],[-3.245169160697141,51.54876577334105],[-3.244662672963919,51.54891678048313],[-3.244501304458566,51.5489733292768],[-3.244338188782117,51.54912706960847],[-3.244134120704941,51.54915710287548],[-3.24386261986662,51.54930021826568],[-3.243524838620934,51.54945041783997],[-3.243363853919204,51.54957348090439],[-3.243268202864691,51.54966348986459],[-3.243168421472221,51.549759025788305],[-3.242900876334208,51.55015658255355],[-3.242618226215148,51.55037091805027],[-3.242431686301509,51.5505643681649],[-3.242047262961052,51.5507968619662],[-3.241864687228684,51.550926446018],[-3.241752443734012,51.550935725360695],[-3.241555706515267,51.55080746467925],[-3.24142865250133,51.550910389562155],[-3.241310132153407,51.55100792137451],[-3.241222020983099,51.5511086360489],[-3.241121921085745,51.55114025965256],[-3.240968481932442,51.551226384154354],[-3.240958741587577,51.55123547650478],[-3.240921234634465,51.55134293674206],[-3.24089718601964,51.55135937231328],[-3.240636962842668,51.5514457286137],[-3.240428663247109,51.55152614052996],[-3.240088443098005,51.55169253752701],[-3.240071207670474,51.551697214044694],[-3.239810716921679,51.55171705002695],[-3.239796453254625,51.5517216959661],[-3.239706105494196,51.55179276783293],[-3.239691748010204,51.5517983139413],[-3.239496559628972,51.55183184011852],[-3.239254674545871,51.55190181834219],[-3.239237949681545,51.55192087278262],[-3.23918362487656,51.552153461629345],[-3.239106460423435,51.55233775000842],[-3.239144331509842,51.55245780604468],[-3.239134641904724,51.5524731911213],[-3.238793224979572,51.5524866876328],[-3.238339952562237,51.55252833439165],[-3.237695863178457,51.55260264699657],[-3.237597999079697,51.55261177128861],[-3.23756722245516,51.55243311890535],[-3.237302741310757,51.55246827213584],[-3.237072161939106,51.55253003542625],[-3.236865973444458,51.55258345085521],[-3.236518416301508,51.55269508002724],[-3.236434654169637,51.55274180880356],[-3.236064367607232,51.55275650192877],[-3.235634081729036,51.55279519811865],[-3.235438982870938,51.552832313162234],[-3.235309702234821,51.55290648842671],[-3.235022012083688,51.552616379424265],[-3.234901057010069,51.55262035052996],[-3.234313630483928,51.55281989840493],[-3.233953923682872,51.55290459118175],[-3.233750022206789,51.55277908950104],[-3.233691011317037,51.55251893115802],[-3.233599652652384,51.552394941891535],[-3.233379998472796,51.55216613959129],[-3.233194918559301,51.55209437488784],[-3.232945461935285,51.55204306402807],[-3.232032692748594,51.551680328656005],[-3.231893277943897,51.55153796596],[-3.231697239160772,51.55138172504775],[-3.231396203145229,51.55118173142674],[-3.230857528532237,51.550781884441506],[-3.230564912663182,51.55057631627064],[-3.230446914078876,51.550583848015684],[-3.229874757865972,51.55086861268494],[-3.229746517048421,51.55098142626086],[-3.229635289391412,51.55102843857146],[-3.228594401755645,51.55045487463328],[-3.228250884382888,51.55012488561929],[-3.227897613190678,51.550125890881745],[-3.227873068066168,51.549859077269716],[-3.227777769013378,51.54974681215494],[-3.227646645778262,51.54980571675224],[-3.227618191062204,51.549817700676506],[-3.227515449671615,51.549861926213644],[-3.227322825921685,51.54993774547026],[-3.227288715260686,51.54995608194164],[-3.227172338073023,51.55008135219265],[-3.227024002789385,51.55019446286284],[-3.226989964320693,51.550215494239424],[-3.226333728111987,51.550430016554536],[-3.226237149371019,51.55043372401753],[-3.225640358560548,51.55066119452594],[-3.225436679945243,51.550701978154066],[-3.225022847087073,51.55070630563852],[-3.224842109809871,51.55074235423628],[-3.224804080407029,51.55077421420059],[-3.224642056106789,51.55081186522911],[-3.224113018122605,51.550981087981604],[-3.224039428605876,51.55098185677762],[-3.22395264352392,51.550920737743176],[-3.223748431451508,51.550941748218506],[-3.223699327214758,51.550990802542884],[-3.223566847975386,51.55094634124069],[-3.223459748653978,51.550987911127464],[-3.223404169904889,51.55095523069804],[-3.223157265636099,51.55094522349972],[-3.222980343685894,51.551017186735706],[-3.22276650497127,51.55111380567766],[-3.222536252638204,51.55118371801373],[-3.222369634053004,51.55115660071881],[-3.222262800554364,51.551208144918924],[-3.221844946499403,51.55122239131382],[-3.221533895025005,51.55129485081301],[-3.221389892239193,51.55141051565351],[-3.220893745710744,51.5515164558304],[-3.220644847199948,51.55159635608447],[-3.220512434757191,51.551607623704605],[-3.220525891902883,51.551679397323056],[-3.220442763517144,51.55175037951914],[-3.220367249557802,51.55167925223619],[-3.220229105653655,51.55168968004096],[-3.220122795144513,51.55176090341028],[-3.220042191333233,51.55176623680869],[-3.219984090644311,51.55180369826725],[-3.219891954306308,51.551809151632796],[-3.2197119100177,51.55187583885196],[-3.219254627464588,51.55214128561171],[-3.219039598292454,51.55218945747363],[-3.218958078435461,51.55232514387565],[-3.218881624531196,51.55237897550942],[-3.218669455150804,51.55237399065955],[-3.218439714444066,51.55246357593868],[-3.218166365340049,51.5525456122959],[-3.217308456832519,51.55271902373081],[-3.216978097909829,51.5527682969549],[-3.216937998403574,51.55272736238203],[-3.216548744181755,51.55278443608798],[-3.216445207906952,51.552853018356366],[-3.21628058057535,51.55290057092275],[-3.216043725691223,51.55288864317033],[-3.215899691702274,51.552950364098756],[-3.215909196382824,51.553034764165126],[-3.215770651729141,51.55308384312117],[-3.215576810341271,51.553173137040424],[-3.215382952808965,51.55320391131528],[-3.21518951653524,51.55320142116202],[-3.215142322201989,51.55299686567669],[-3.215049635216793,51.552874673235884],[-3.215032640509877,51.55266980489398],[-3.215063189157833,51.55251757122226],[-3.215138232156612,51.55241063049872],[-3.215397838118677,51.552410638625226],[-3.215499842314136,51.55217756916954],[-3.215530916253706,51.552045106471496],[-3.215952807875571,51.55164242098136],[-3.216105070424395,51.55151040941999],[-3.215997676091064,51.55142972073839],[-3.215874325142438,51.55134829816668],[-3.215144675969162,51.551354061106075],[-3.214741931184199,51.55144902333803],[-3.214760161603811,51.551539625615895],[-3.214272402102418,51.55158153106536],[-3.213719094070479,51.55165836244215],[-3.21353350052259,51.55173129702051],[-3.213497429313395,51.5517298727057],[-3.213328760780416,51.55162554387507],[-3.212743208871355,51.55157218015002],[-3.212727707664539,51.551584027037514],[-3.212715794619079,51.55173076410109],[-3.21269461140944,51.5517480621025],[-3.212550385197956,51.55180259017728],[-3.212049918259898,51.551966061792236],[-3.211412065694804,51.552007708563984],[-3.211143789375009,51.5520617175106],[-3.210778403519861,51.55209964827011],[-3.21061957436831,51.5521462329681],[-3.210432600600357,51.55227500061442],[-3.210416931506041,51.55228055557026],[-3.210084904402915,51.55232533159177],[-3.210022204558391,51.55235564317241],[-3.20958332214378,51.552447364575116],[-3.208174902912305,51.55263905636403],[-3.20744019205053,51.5527284228515],[-3.207433463364269,51.55274377365778],[-3.207561396356331,51.55294480357282],[-3.207542921464313,51.552956680380134],[-3.206896160196775,51.553044238905635],[-3.206619548819553,51.553057870961815],[-3.206325271349287,51.553109439661334],[-3.206055437407782,51.55315895796115],[-3.205763202748862,51.55323387570585],[-3.205051424578844,51.55337252185566],[-3.204806695696192,51.55344515174082],[-3.204156140790188,51.55355161145483],[-3.203331141311627,51.553717478275395],[-3.20314502014273,51.553825459845946],[-3.202008439008772,51.554316416753316],[-3.201997356102958,51.554333609313936],[-3.202417065375603,51.55477166801418],[-3.202575436138034,51.55509015041538],[-3.202645343096537,51.55516593137982],[-3.202709796953813,51.55531449197612],[-3.202329387215586,51.555491973403036],[-3.201934811916985,51.555790862836844],[-3.201399272096542,51.55605263068755],[-3.20107180259129,51.556267317211585],[-3.200843668058319,51.556370328051194],[-3.200425483983275,51.55648256077398],[-3.200217922024736,51.556544908889286],[-3.200042485717503,51.556621310912746],[-3.200034136975045,51.55662948698221],[-3.199957195058146,51.556724659485546],[-3.199900238265624,51.55675220836783],[-3.199750396614919,51.556594629652395],[-3.199602027158931,51.55643874325042],[-3.199502082454544,51.556256383280896],[-3.199180740206792,51.55627045055115],[-3.198791718799633,51.556284308242475],[-3.198577811049052,51.556322446674535],[-3.198291271923628,51.556398181838276],[-3.197831203769895,51.556509934155734],[-3.197319652835079,51.55658616299469],[-3.196928883061983,51.5566467752206],[-3.196561781979282,51.556675683775026],[-3.19623025910912,51.55657388587987],[-3.195730201827069,51.55670302613008],[-3.195427289629489,51.55681227144272],[-3.195267293813645,51.55681569647604],[-3.19497912086588,51.55672055489698],[-3.193968349585961,51.556953851902676],[-3.193040159539964,51.55709362346144],[-3.192793821509548,51.5571654311431],[-3.192464082642143,51.5572406914115],[-3.191783309957435,51.5574094033252],[-3.191676374939235,51.557459029989516],[-3.19160673609454,51.557497580824595],[-3.191427546871236,51.55764951744732],[-3.191227566781346,51.557670422272814],[-3.191178576801195,51.55767541389271],[-3.190946169229361,51.557666082979026],[-3.190724127044318,51.55767102982957],[-3.190355392537022,51.55763791019232],[-3.1901092767749,51.55765928046122],[-3.189522243835531,51.557605895755344],[-3.189170491827032,51.557503383509314],[-3.189036922361094,51.55741655091242],[-3.18867983996658,51.55732847348719],[-3.188317111792615,51.55708305084529],[-3.188312244319971,51.55700579318354],[-3.188176879139785,51.55695951902412],[-3.188123458357259,51.556739733421544],[-3.188041599319409,51.55669741308258],[-3.187728790234547,51.55676080315882],[-3.187533026824996,51.556829302048904],[-3.18728141562649,51.55686330682509],[-3.186971997901363,51.556833172108334],[-3.1864835382544,51.556746414972864],[-3.186219459952876,51.556740091997696],[-3.185886856217618,51.55676502309051],[-3.185674898972333,51.55682379404136],[-3.185244178046245,51.55689915463472],[-3.184786365304002,51.55698925908876],[-3.184624237950371,51.55697021792386],[-3.184424776002441,51.556896628880345],[-3.184354475684087,51.55685508850239],[-3.184083338071583,51.55669152001223],[-3.184048644163582,51.556688273720575],[-3.183048225705059,51.55682779294713],[-3.182500429761435,51.556897128530146],[-3.181699214729937,51.55703651926708],[-3.181178784374455,51.557106473626334],[-3.181018523473875,51.55715482795443],[-3.180831470646314,51.55722952024551],[-3.180383587075055,51.557313214476544],[-3.179722823330177,51.557420528082915],[-3.179866245268382,51.55750268776624],[-3.17988223226789,51.557619477204646],[-3.179812859524951,51.557668714897105],[-3.179572447169963,51.55768551126586],[-3.179124833279367,51.557779894642266],[-3.17900962241933,51.55784577245386],[-3.177828523227398,51.558138168544644],[-3.177467963101515,51.55819571680725],[-3.177322219480842,51.5581387472733],[-3.176640248332169,51.558208501282216],[-3.175507076844342,51.558234222782986],[-3.173831783371269,51.55843533529016],[-3.172835955889291,51.55847404249723],[-3.172272008069331,51.558531806789226],[-3.171646264634768,51.558600970082324],[-3.1711538895062,51.55863922803215],[-3.170498260807722,51.55872576292547],[-3.169736312496154,51.55882683766211],[-3.169257794055968,51.55895574118866],[-3.168639294198969,51.55908055160435],[-3.167944996975353,51.55923218145793],[-3.167508595947346,51.559315717197144],[-3.167182013975943,51.559293793656195],[-3.166644372024756,51.55937195010873],[-3.165650148453179,51.55958678057891],[-3.165313866242771,51.55969268624438],[-3.164818485504767,51.5598378346052],[-3.164680157496887,51.55984729762744],[-3.164584838295947,51.559896784935006],[-3.164284503890606,51.56011110273311],[-3.164224912282364,51.56015304467984],[-3.164014622552259,51.56033500633663],[-3.163734797834179,51.56050498092781]]],[[[-3.120720686249764,51.380556518549824],[-3.120714830039518,51.38055207843877],[-3.120710388493759,51.38054672559048],[-3.12069984928809,51.38052704355782],[-3.120696866309955,51.3805225759853],[-3.120695341895702,51.38051899368915],[-3.120692358918534,51.38051452611651],[-3.120689397892095,51.38051095755037],[-3.120685000253412,51.38050740271417],[-3.120679187952755,51.38050476061436],[-3.120674812265305,51.380502104784355],[-3.120663253516025,51.38049951760319],[-3.120635957878904,51.38049977846532],[-3.120607247577402,51.38050095205681],[-3.120578581170296,51.380503923654544],[-3.120551395267063,51.380508679530216],[-3.12054279753748,51.380509660906874],[-3.120535636420401,51.3805106285547],[-3.120521292238446,51.38051166484242],[-3.120512672560926,51.38051174721023],[-3.120508340775528,51.3805108893872],[-3.120502550430907,51.38050914628518],[-3.120495125956674,51.38049932585056],[-3.120492121053802,51.380493959265905],[-3.120487591754619,51.380485010382074],[-3.12048713088471,51.38046613124194],[-3.120489784645495,51.38045711371998],[-3.120492548136604,51.38045259123134],[-3.120498162902702,51.380447142280595],[-3.120512956076601,51.38040563696784],[-3.12051571956243,51.38040111447868],[-3.120518461100995,51.380395692982795],[-3.120519766029782,51.380390285214794],[-3.1205196343493,51.38038489117475],[-3.120511990425984,51.38036608067404],[-3.120508941637038,51.38035891607625],[-3.120504346509006,51.380347270172685],[-3.120498402561053,51.38033923402336],[-3.120477543894975,51.380308859981234],[-3.120473146291965,51.38030530513656],[-3.120467312083219,51.380301764019],[-3.120457124165523,51.380296466069254],[-3.120445543534523,51.38029297985905],[-3.120425365213778,51.380290475015315],[-3.120408082051694,51.38028884172173],[-3.120380786536705,51.38028910252301],[-3.120363569207501,51.38029016624308],[-3.120339190789882,51.380292197596155],[-3.120324824728031,51.380292334852356],[-3.120297178132772,51.380278211525756],[-3.120268029123793,51.38026140489686],[-3.12021256049662,51.38022596615452],[-3.12019653844726,51.380217127050564],[-3.120166040668884,51.380203930146536],[-3.120152979600379,51.38019865961667],[-3.120141377077278,51.38019427436893],[-3.120128337953268,51.380189902843114],[-3.120105198733842,51.380183829362096],[-3.120028905218086,51.38017826359741],[-3.119994339005435,51.380174996889345],[-3.119975619298224,51.38017337725268],[-3.119956921527905,51.380172656619955],[-3.119939682296047,51.38017282127044],[-3.119922464998983,51.38017388492533],[-3.119898108556315,51.38017681519313],[-3.119863783625363,51.38018343752311],[-3.119848090659561,51.380188083475204],[-3.119830961087241,51.38019274314469],[-3.119805211890489,51.38019748512677],[-3.119776567548917,51.380201355533835],[-3.119750796409963,51.380205198497066],[-3.119724981404361,51.38020724344062],[-3.119706305554384,51.38020742177505],[-3.119689022447205,51.38020578837471],[-3.119664490532487,51.380201526537896],[-3.119618212207114,51.380189379386735],[-3.119582033983335,51.380178934216914],[-3.119566121709858,51.38017459006059],[-3.119548772836577,51.38017025961805],[-3.119518450688479,51.38016425459977],[-3.119502604206251,51.38016260745605],[-3.119488194327631,51.38016094659495],[-3.119472347847553,51.3801592994471],[-3.119446489002926,51.38015954631486],[-3.119424983815981,51.380161550047944],[-3.119390614977138,51.38016637422563],[-3.119320616060358,51.38018322832179],[-3.119297761944444,51.38018884177372],[-3.119284898280816,51.38019166221078],[-3.119273493141598,51.38019536794108],[-3.119256473117376,51.38020452256336],[-3.11922959414997,51.38022186423328],[-3.119212574107264,51.38023101884936],[-3.119201190873428,51.380235623580006],[-3.119168324321312,51.38024313100333],[-3.119154045949224,51.38024686414486],[-3.119128340489679,51.38025340399383],[-3.119083915310141,51.38025832405815],[-3.119052353819792,51.38026042369525],[-3.119010736085111,51.38026261929018],[-3.11888446816461,51.3802701187018],[-3.118719565206526,51.3802842810941],[-3.11868513046675,51.38028640804432],[-3.118573579034643,51.380308154186494],[-3.118559256776268,51.3803100892413],[-3.118543476000771,51.380311138990564],[-3.118536292962532,51.380311207508846],[-3.118529131832208,51.380312175034206],[-3.118520490278305,51.38031135824753],[-3.118510368301902,51.380308757148484],[-3.118500224419251,51.38030525704103],[-3.118487141602011,51.38029908731616],[-3.118448957369879,51.38026528130166],[-3.118415236349191,51.38023772722063],[-3.118359659636063,51.380197792546184],[-3.118291022173051,51.380152587103915],[-3.118267686083849,51.380138422188196],[-3.118225411360523,51.380113647273774],[-3.118207953125179,51.38010482159256],[-3.118170207274309,51.38008899563558],[-3.118149832056712,51.3800783993281],[-3.118135247049727,51.380069546238076],[-3.118108928352549,51.38005091364809],[-3.11810013355883,51.380043803775656],[-3.118092797266391,51.38003757921219],[-3.118082478282442,51.38002688700547],[-3.118070525615516,51.3800081174259],[-3.118066018731925,51.38000006744949],[-3.118060075251969,51.379992031170545],[-3.118054153672544,51.37998489389903],[-3.118042398112042,51.379974215386035],[-3.118026310867855,51.3799626789558],[-3.11801610140461,51.3799564817816],[-3.118000036070543,51.37994584435535],[-3.117994180198107,51.37994140410392],[-3.117986822039233,51.37993428052555],[-3.117983839361659,51.37992981288006],[-3.117980812890728,51.37992354721888],[-3.117918154922055,51.379828827641745],[-3.117892375351869,51.379773321994506],[-3.117871255926136,51.37973215937806],[-3.117869447127831,51.37971688994016],[-3.117846168654678,51.37964607375328],[-3.1178269237898,51.37962287758859],[-3.117820958509608,51.37961394229056],[-3.11777186544621,51.379545170611784],[-3.117743957379731,51.37952025858269],[-3.117738101588671,51.379515818319604],[-3.117723516845026,51.37950696518048],[-3.117709019672334,51.37950170807142],[-3.11769167122964,51.37949737735572],[-3.117657018134551,51.37949051393247],[-3.117651249916427,51.379489669696916],[-3.117646918280438,51.37948881176808],[-3.11763823311898,51.37948619690181],[-3.117632377342369,51.379481756633126],[-3.117626390228586,51.37947192231579],[-3.117621686471201,51.37945578124896],[-3.117620854666877,51.37942161894253],[-3.11761771883313,51.37941085823101],[-3.117613212089899,51.379402808236144],[-3.117602915253766,51.37939301499477],[-3.117596971936172,51.3793849786916],[-3.117589504486501,51.379373360047964],[-3.117539558399769,51.379269526939794],[-3.117505400923807,51.37922399242516],[-3.117427161492178,51.37913841324138],[-3.117388563207477,51.37908752570809],[-3.117376720497957,51.379073251092194],[-3.117366336248839,51.37905986179386],[-3.117351576648726,51.37904381653708],[-3.117317813427722,51.37901446410827],[-3.117298744158567,51.378998459910065],[-3.117288513128418,51.37899136366216],[-3.117278150806073,51.37897887336327],[-3.117267613430666,51.37895919099653],[-3.117264587123456,51.37895292531416],[-3.117262997382336,51.37894664594368],[-3.117262778560054,51.378937655860135],[-3.117259752254955,51.37893139017757],[-3.117255245621962,51.37892334016604],[-3.117246385533913,51.378913533200915],[-3.117234630440125,51.37890285460192],[-3.117228731013747,51.37889661629354],[-3.117224246271063,51.37888946528897],[-3.117218772680143,51.378877108247984],[-3.117202857375969,51.37886080421711],[-3.117194722156588,51.378851260106444],[-3.117186898321736,51.37884270216697],[-3.117171168269614,51.37882810487852],[-3.117133048254172,51.37880275045586],[-3.117126744141587,51.37879759505773],[-3.117117549405917,51.37879174782471],[-3.117080924378878,51.37878058676882],[-3.117042743219149,51.37877042966417],[-3.117035379571674,51.37876897114383],[-3.117025242706092,51.378765740607435],[-3.117016047989547,51.37875989336601],[-3.117007869072418,51.37874855122398],[-3.117001192349147,51.37873989242226],[-3.116997946599466,51.37873641639511],[-3.116994681161114,51.378732131260186],[-3.116992847906598,51.378727652638894],[-3.116992102644189,51.37872064584604],[-3.116992637889299,51.378719022156844],[-3.11699436759108,51.3787133406131],[-3.116994016836679,51.378710736225216],[-3.116992205459888,51.37870715661246],[-3.116991789075355,51.37870185519891],[-3.116983686740993,51.378675945010755],[-3.11700831747424,51.3786429788832],[-3.117020804556557,51.37862469574786],[-3.117024764185115,51.37861027055662],[-3.117023196366363,51.378604890190175],[-3.117021606670718,51.37859861081514],[-3.117018602298361,51.378593244133405],[-3.117014161372484,51.37858789113627],[-3.117011157001705,51.37858252445429],[-3.117000838601072,51.37857183214371],[-3.11699345894212,51.37856380948901],[-3.116986057409203,51.37855488782518],[-3.116979939297206,51.37853965941649],[-3.116976672417525,51.37852350463039],[-3.116976256767382,51.37850642346718],[-3.116977321421467,51.37849112663692],[-3.116981324805605,51.37847849946396],[-3.116997644594165,51.37844057689127],[-3.117001647968573,51.37842794971774],[-3.117004214791979,51.378415336228564],[-3.117006278447339,51.378382045541706],[-3.117005840911564,51.37836406536979],[-3.117002508406112,51.37834521355806],[-3.116999197780118,51.37832726075472],[-3.116994450611231,51.378309321635484],[-3.116982170700891,51.3782770667988],[-3.116974572332106,51.37826005405517],[-3.116964122757822,51.378243967687304],[-3.116952236647825,51.37822789500203],[-3.116933080332331,51.37820829469826],[-3.116919867075345,51.37819673073601],[-3.116906675699704,51.37818606578079],[-3.116892047788708,51.378175414506906],[-3.116877441758592,51.378165662239745],[-3.116842439807709,51.37814441441147],[-3.116823502304137,51.37813380417523],[-3.116801713602108,51.37812412030813],[-3.116779946781371,51.37811533544553],[-3.11674956073254,51.37810663266597],[-3.116732212903483,51.37810230179456],[-3.116713450409384,51.37809888361004],[-3.116690356430369,51.37809460745499],[-3.116673030481347,51.37809117558343],[-3.116656987171579,51.378093216719236],[-3.116649310778487,51.3780966169238],[-3.116638807231585,51.37810193240608],[-3.116624400969613,51.37810629591276],[-3.116615250855111,51.37810818147972],[-3.116603393183418,51.37811099204566],[-3.116592501724678,51.37811217481899],[-3.116581851649801,51.37811146693685],[-3.11657376985199,51.37811001522443],[-3.116568391238125,51.378107458710815],[-3.116561538909941,51.378103387560685],[-3.116558445639689,51.378100269755066],[-3.116558199206806,51.37809604578111],[-3.116559574515882,51.37809351487737],[-3.116562262391047,51.378091780770674],[-3.116563496232676,51.37808934113566],[-3.116570758488252,51.37808072942083],[-3.116574656147981,51.37807556676899],[-3.116580834096773,51.378063728196835],[-3.116583136254369,51.37805795128549],[-3.116581557572565,51.37805212140674],[-3.116578564221787,51.37804720421588],[-3.116574315163747,51.37804382765115],[-3.116571380858084,51.37804133778412],[-3.116562051437457,51.378035851473676],[-3.116549698730804,51.378030124184974],[-3.116541451427049,51.37802777482894],[-3.116532078948573,51.37802642532487],[-3.116523994980476,51.37802488370777],[-3.116514454795737,51.37802254666029],[-3.116506512295894,51.378020913773234],[-3.11645364641847,51.37800954746222],[-3.116448089184268,51.37800555389604],[-3.116442549443458,51.37800227953677],[-3.116438406881815,51.37799737328378],[-3.116435574695768,51.3779931739283],[-3.1164324377108,51.377988258100984],[-3.116432090709726,51.37797989868506],[-3.11643447312596,51.37797151328245],[-3.116436810282122,51.37796717478799],[-3.11644044469251,51.37796300378576],[-3.116442927687737,51.37795875382438],[-3.116454625710651,51.3779493805096],[-3.116460841507003,51.37794500508557],[-3.116464578021692,51.37793912459783],[-3.116467019468117,51.37793316651892],[-3.116466777417911,51.37792912234625],[-3.116465235927479,51.377924820780706],[-3.116459844221776,51.37792172485608],[-3.116455636728912,51.37792005640362],[-3.116453013796535,51.37791855270768],[-3.116451328654394,51.37791425250964],[-3.116452706150654,51.37791181150797],[-3.116452501273458,51.37790929565051],[-3.116453735116179,51.37790685601659],[-3.116456628067026,51.37788992318942],[-3.116453514479153,51.37788006144527],[-3.11645053864586,51.37787586345769],[-3.11644783262713,51.377870943527356],[-3.116442088026232,51.377865153310175],[-3.116430932052022,51.37785545805836],[-3.116413002519876,51.37784492807782],[-3.116404652492158,51.3778383533688],[-3.116401659174343,51.37783343617259],[-3.116398543415722,51.37782348452564],[-3.116397992201577,51.37781854407891],[-3.116396424483994,51.37781316370132],[-3.116389913109585,51.37778175309101],[-3.116386821407848,51.377772790353504],[-3.116380922241968,51.377766551995954],[-3.116376590790894,51.377765694016055],[-3.116372281203965,51.37776573504508],[-3.116367993480929,51.37776667508302],[-3.116363683893895,51.377766716111715],[-3.116340655702804,51.377765136910654],[-3.116334843997125,51.377762494586946],[-3.116330468820925,51.37775983858717],[-3.116324591527339,51.37775449923565],[-3.116318670509256,51.37774736186561],[-3.116312662041795,51.37773662845881],[-3.11631109433706,51.37773124807973],[-3.116309329868139,51.37771777661863],[-3.116309154966384,51.37771058454575],[-3.116310416591771,51.37770337879736],[-3.116317315009844,51.377691623301146],[-3.116321493412307,51.37768618821965],[-3.116327108340149,51.377680739462306],[-3.11633270140353,51.377674391695635],[-3.116338316328632,51.3776689429378],[-3.1163593613542,51.377648060589216],[-3.116360754152186,51.377646248894955],[-3.116377555175478,51.37762810459886],[-3.116385802633264,51.377612739386436],[-3.116389849835419,51.37760191024824],[-3.116392482376418,51.377591993795484],[-3.116412718352039,51.37753784810234],[-3.116423707636452,51.3775170614798],[-3.116434762506084,51.37749897188353],[-3.116445839232351,51.377481781295444],[-3.116476480580004,51.3774419239981],[-3.11649456494014,51.37741747294634],[-3.116555606875555,51.37732786922232],[-3.116583134455146,51.37727815015731],[-3.116587006640656,51.3772601289411],[-3.116589595385315,51.37724841446655],[-3.116599301086841,51.377233934571336],[-3.116610399557834,51.37721764297849],[-3.116615839448964,51.37720500213667],[-3.116618471920094,51.37719508567962],[-3.116619536669251,51.37717978884742],[-3.116617903343836,51.37717171144525],[-3.116613331394106,51.377160964373765],[-3.116608825050871,51.377152914329116],[-3.116602882199661,51.37714487796301],[-3.116598375859851,51.37713682791789],[-3.116595306030701,51.37712876419388],[-3.116595065484639,51.37711887509448],[-3.11659632705067,51.377111669343535],[-3.116601679461914,51.377095432466156],[-3.116604377534133,51.37708821303643],[-3.116608490245052,51.37708008091885],[-3.116618174037867,51.377064702013456],[-3.116626530659603,51.37705383183151],[-3.116634909145972,51.37704386065805],[-3.11664326576006,51.377032990475016],[-3.116679499578711,51.37698678535138],[-3.116686375928907,51.37697413082714],[-3.116691837641143,51.376962388991295],[-3.116694404474063,51.37694977550574],[-3.116695512932941,51.37693627669088],[-3.116695294236699,51.37692728660078],[-3.116693617168511,51.37691741118138],[-3.116686084745375,51.37690309543543],[-3.116668321863473,51.37688168337274],[-3.116663815538688,51.37687363332947],[-3.116656239394493,51.376857519563075],[-3.116648685124309,51.37684230480508],[-3.11664398198996,51.37682616367935],[-3.116637558070612,51.37679834911447],[-3.116637208176432,51.37678396496941],[-3.11663829478042,51.37676956714538],[-3.116643625270655,51.376752431257216],[-3.116649130705609,51.37674248744136],[-3.116653199641502,51.37673255730439],[-3.116662664660154,51.376708188305585],[-3.116672348358854,51.376692809396744],[-3.116677897518885,51.37668466359784],[-3.116693392794776,51.37667192699698],[-3.116701858676835,51.37666555185599],[-3.116706869278492,51.37666231911253],[-3.116711761050975,51.37665916303469],[-3.116740075403699,51.37664180826424],[-3.116761360363292,51.376630814952456],[-3.116782667183817,51.376620720645995],[-3.116802493759232,51.376608841998696],[-3.11684495424676,51.37658236030499],[-3.116871766392619,51.376562322158904],[-3.11688715220888,51.37654509048927],[-3.116895508674963,51.37653422029042],[-3.116909348615912,51.37651250725533],[-3.116928693888274,51.37648085039126],[-3.116943860915602,51.376454628625524],[-3.116957591438799,51.376428420540705],[-3.116969885460326,51.376402226137266],[-3.116999869399334,51.37633539845194],[-3.117013271726444,51.376295705227555],[-3.1170225177141,51.37626234611437],[-3.117027541748273,51.376232624086434],[-3.117032587651897,51.37620380106719],[-3.117037327289894,51.37616239192267],[-3.117030618850797,51.37612289026298],[-3.117018492647024,51.376096928469515],[-3.117000686177828,51.37607371843318],[-3.11699456840235,51.37605849001227],[-3.116986839159024,51.376036083201804],[-3.11698376933837,51.376028019486384],[-3.116980546397573,51.37601366270795],[-3.116974253642395,51.37599124221355],[-3.116967567158459,51.3759526395565],[-3.116964016117176,51.375924797642035],[-3.116961923425035,51.37589784105391],[-3.116961245331396,51.37586997177425],[-3.116963133940843,51.3758294890034],[-3.116966699628944,51.37579888164936],[-3.116971723653324,51.3757691596218],[-3.116976725797365,51.375738538584976],[-3.11698697068405,51.37568718561002],[-3.116998848882,51.37564391003294],[-3.117035380226855,51.375550942665775],[-3.117047148969555,51.375503172039295],[-3.117050911459102,51.37548065576418],[-3.117048971927246,51.375459992283425],[-3.117047355062167,51.37545619321297],[-3.117044523545568,51.37544953631614],[-3.117777355981393,51.37511110881781],[-3.11782430071549,51.37508818724283],[-3.117684484738286,51.37460030705901],[-3.117913781794294,51.37456813433615],[-3.11792101804357,51.37457135018717],[-3.117930079350008,51.37456584782821],[-3.11794508710423,51.374556733277366],[-3.117956315856277,51.37454583563801],[-3.117967719722571,51.374542130053506],[-3.117973443545085,51.37454117626782],[-3.117980603795434,51.37454020878708],[-3.117987807826171,51.374541039319865],[-3.117999343032114,51.37454272777419],[-3.118009485592259,51.37454622793647],[-3.118029902064343,51.37455862230015],[-3.118061941330664,51.374576301136],[-3.118082204584742,51.37458240244165],[-3.118092325267578,51.37458500358967],[-3.118103860488395,51.37458669203356],[-3.118126843360018,51.37458647289021],[-3.118136854579609,51.37458457899973],[-3.118156920803692,51.37458258923006],[-3.118201296850215,51.374575871567316],[-3.118224170240405,51.37457115737044],[-3.118244236454538,51.374569167585896],[-3.118285827202353,51.37456607331488],[-3.118307264150046,51.37456137280043],[-3.118320213904209,51.374562148517334],[-3.118340411493875,51.37456555275751],[-3.118366768605869,51.37456790012025],[-3.118367769332624,51.37456798948981],[-3.118368445395392,51.374567726765584],[-3.11837488578241,51.374565223971345],[-3.118379151272247,51.374563384858675],[-3.118409075387435,51.37455320808626],[-3.118424766603528,51.37454856235052],[-3.118441938042996,51.37454570092588],[-3.118479175671053,51.37454084967416],[-3.118493561849881,51.374541611671006],[-3.118506533501862,51.37454328637414],[-3.118516654199635,51.37454588748539],[-3.118525338470478,51.374548502297216],[-3.118529735358903,51.374552057219866],[-3.118531259391426,51.37455563954546],[-3.118531325094693,51.374558336565826],[-3.118528561743112,51.37456285900282],[-3.118522903632716,51.3745665098359],[-3.118520096478055,51.37456923425913],[-3.11851874765273,51.374572843987686],[-3.118517420728025,51.374577352723016],[-3.118517434985467,51.37457793797644],[-3.118517574033871,51.37458364577052],[-3.118519119967408,51.37458812710305],[-3.118525040892633,51.374595264351534],[-3.118532332546063,51.37459969087778],[-3.11853668563757,51.374601447786524],[-3.118548264681274,51.37460493420002],[-3.118553686244949,51.374605727747614],[-3.118559799923356,51.37460662259884],[-3.118615974007791,51.37461238125807],[-3.118644746415183,51.37461390521595],[-3.118672060490367,51.37461454386333],[-3.118709407672176,51.37461418757181],[-3.118745296517834,51.37461294596588],[-3.118779792743496,51.37461351606698],[-3.118807150633005,51.37461595269621],[-3.118850418793839,51.37462273359316],[-3.118885068384619,51.374629596709745],[-3.118908182723251,51.37463477145283],[-3.118929904454359,51.374641757911014],[-3.118951677258886,51.37465054500685],[-3.118956023123333,51.37465229927133],[-3.118957847390874,51.37465228186371],[-3.118973260296875,51.374652134788676],[-3.118991911991107,51.37465105758968],[-3.119016353230013,51.374651723570956],[-3.119043733065578,51.37465505915121],[-3.119058163112008,51.3746576190915],[-3.119071156728707,51.37466019273818],[-3.11908996180905,51.37466540856957],[-3.119118953391763,51.374675922476186],[-3.119146530469002,51.37468734909116],[-3.119207474225286,51.37471194547492],[-3.119233702573454,51.374726981804876],[-3.119248351806826,51.374738531786456],[-3.1192571676491,51.37474654058229],[-3.119264568975993,51.374755462094505],[-3.119269141268404,51.37476620904052],[-3.119274607891091,51.37477150179989],[-3.119276498768953,51.374773332538936],[-3.119284992404911,51.374774135396045],[-3.119285139293835,51.374774149280654],[-3.11929375790271,51.37477406701524],[-3.119341204085276,51.37477541255705],[-3.119379987825221,51.37477504233913],[-3.119404472972092,51.37477750625168],[-3.11943333318352,51.374782626040464],[-3.119515714153296,51.3748025215369],[-3.119535890014872,51.37480502656277],[-3.119556087800126,51.37480843059152],[-3.119574892996261,51.37481364634393],[-3.11958647217204,51.37481713265354],[-3.119598095194281,51.374822416974716],[-3.119611198500785,51.37482948559258],[-3.119618490296577,51.37483391204982],[-3.119622953066151,51.37484016394936],[-3.119624499117321,51.374844645266094],[-3.119624827960812,51.37485813036134],[-3.119630990247602,51.37487515662159],[-3.119635496869286,51.37488320653324],[-3.119642964062421,51.37489482503953],[-3.119650277795271,51.37490015050097],[-3.119655636974812,51.37490121166026],[-3.119658940274138,51.37490186622115],[-3.119663249590111,51.37490182507467],[-3.119668973420912,51.37490087120613],[-3.119673282736777,51.37490083005928],[-3.119686144911854,51.37489800959884],[-3.119700421599318,51.3748942764147],[-3.119727055392832,51.37488674924],[-3.119743229722272,51.37488217784569],[-3.119773153735582,51.374872000726214],[-3.119798790349794,51.37486276375705],[-3.119882772672003,51.37483048919436],[-3.119902729281479,51.37482400409419],[-3.119922729742744,51.374819317003144],[-3.119942795987296,51.374817326927456],[-3.119957204204648,51.374818987749805],[-3.119965866679238,51.37482070344736],[-3.119973092718473,51.37482243286355],[-3.119980340688148,51.37482506128554],[-3.119987610588698,51.374828588713285],[-3.119992029547917,51.3748330425859],[-3.119997950735234,51.37484017975737],[-3.119999474892936,51.374843762062625],[-3.119999694195902,51.37485275212478],[-3.119994101959471,51.374859100046685],[-3.119991294875603,51.37486182450442],[-3.11998705135408,51.37486456268159],[-3.119984266199464,51.37486818614538],[-3.119980176186454,51.374877217365835],[-3.119979243234762,51.37488108481089],[-3.119978871328198,51.37488262512254],[-3.119979002907707,51.37488801915984],[-3.119980570925492,51.37489339947774],[-3.11998359731208,51.37489966508239],[-3.119988016277911,51.37490411895504],[-3.119996810351596,51.37491122868737],[-3.119997177860605,51.3749114517796],[-3.120002643828367,51.37491476983361],[-3.12000845537552,51.37491741197333],[-3.120015681431731,51.37491914138675],[-3.120025780366642,51.3749208433598],[-3.120040144757357,51.37492070615924],[-3.120047305021377,51.37491973855211],[-3.120063040055844,51.37491689060994],[-3.120071592894114,51.37491411126855],[-3.120078709292583,51.37491134564715],[-3.120087262128845,51.37490856630462],[-3.120127131485131,51.374893798019],[-3.120152789971893,51.37488545997909],[-3.120187067074917,51.37487703960236],[-3.120229984723976,51.37486943588737],[-3.120268680789665,51.374865469350134],[-3.120281499045155,51.374860850812475],[-3.120295687926497,51.374853521531854],[-3.120304218802155,51.37484984316756],[-3.120324175358937,51.37484335799606],[-3.120355601462826,51.37483586402375],[-3.120372750946959,51.37483210331029],[-3.120407027968305,51.37482368286981],[-3.120431337683184,51.37481895451847],[-3.120455779028592,51.374819620198465],[-3.12047168951889,51.374823964250325],[-3.120489058388069,51.37482919358043],[-3.120530978319644,51.3748395836023],[-3.120546757177411,51.37483853360769],[-3.120556790289671,51.3748375385169],[-3.120565452789696,51.37483925416989],[-3.12057130824251,51.37484369429356],[-3.120574246940164,51.37484636385829],[-3.120584587239299,51.37485795484924],[-3.120593315570305,51.374862367518126],[-3.120596679013322,51.374863896414695],[-3.120599127144534,51.37486500962834],[-3.120604916777175,51.37486675273228],[-3.120619368918155,51.37487021148483],[-3.120633799118473,51.3748727712296],[-3.120658306325025,51.374876133884996],[-3.120669819767381,51.37487692306873],[-3.12068274770371,51.37487679951736],[-3.120696436309248,51.37487552399319],[-3.120704250375598,51.374874795583295],[-3.120732891342028,51.37487092499051],[-3.120747233768448,51.37486988869746],[-3.120774526073425,51.37486962784712],[-3.120787497898947,51.37487130229607],[-3.120800513617648,51.374874774755426],[-3.120815097454159,51.37488362751921],[-3.120819494552726,51.3748871823539],[-3.120841502002842,51.374905855530656],[-3.120851798489026,51.37491564848539],[-3.120882731869863,51.374946825355636],[-3.120895879305737,51.374955691839396],[-3.12090752446179,51.374961875034806],[-3.120930770885821,51.374972443410314],[-3.120955409862653,51.37498120003803],[-3.120969862066027,51.37498465874673],[-3.120979207103829,51.37498631658915],[-3.120984292321731,51.37498721844779],[-3.120991427050262,51.374987853429396],[-3.121011650545932,51.37498965455914],[-3.121024600463376,51.3749904299756],[-3.121090913750745,51.37498979600838],[-3.121099295382368,51.37498971587578],[-3.121122212576051,51.37498679912579],[-3.121132201802065,51.374984005974],[-3.121140315028728,51.37497964184349],[-3.121140710680565,51.37497942854345],[-3.121150677950693,51.37497573638432],[-3.121159208779064,51.37497205795825],[-3.1212019287625,51.37495636283597],[-3.12123331088652,51.37494707061741],[-3.121266107481269,51.374936865649616],[-3.121286107847969,51.374932178326695],[-3.121307676386225,51.37493287129914],[-3.121325067347711,51.374938999509745],[-3.121330900930316,51.374942540588904],[-3.121338148996262,51.37494516892599],[-3.121364202517393,51.37495301272542],[-3.121383029933704,51.37495912719088],[-3.121390110785397,51.37496173284498],[-3.121416375461433,51.37497139732372],[-3.1214220992629,51.37497044336977],[-3.121429171669617,51.37496587965563],[-3.121437702473343,51.37496220120947],[-3.121452000992988,51.37495936681867],[-3.121460619630503,51.37495928439358],[-3.121469194349199,51.37495740395652],[-3.121489150783889,51.37495091858771],[-3.121499118019103,51.37494722639921],[-3.121525212504493,51.374933218829824],[-3.12153396030794,51.374926660810964],[-3.121542186802524,51.374920759708814],[-3.12157194385818,51.374899410971324],[-3.121587019454541,51.37488721728831],[-3.121597552457935,51.37488315999369],[-3.121611285152634,51.37488069068166],[-3.121620900495778,51.374880239025075],[-3.121629242811662,51.37488060883842],[-3.121636296726875,51.37488117081805],[-3.121650585538454,51.37488382171158],[-3.121667791152541,51.374888243134436],[-3.121676628095337,51.374891215938646],[-3.121712820169268,51.37490237969985],[-3.121727501708712,51.374909343062605],[-3.121740996762138,51.37491478910678],[-3.121765690773759,51.374925793077026],[-3.121783793422701,51.374931644646715],[-3.121801463813389,51.37493156552522],[-3.1218069003138,51.37493061430093],[-3.121813629608608,51.3749296507087],[-3.121833147598506,51.374928744612966],[-3.121839777181977,51.37492958040454],[-3.121845438602294,51.374931954124754],[-3.121852229403844,51.37493350774584],[-3.121857590357341,51.374935344810616],[-3.121880842233883,51.37494024788676],[-3.121897655157819,51.37494035679747],[-3.121905675050126,51.37493929093077],[-3.121947968707591,51.374935559183704],[-3.121968655620145,51.37493545117551],[-3.121976904834328,51.37493789005101],[-3.121980990574025,51.37494045868397],[-3.122001097969248,51.37496184836932],[-3.122018606224352,51.37498047355367],[-3.122024373954607,51.37498131758135],[-3.122028561601046,51.37498217672774],[-3.122033036535651,51.37498303312505],[-3.122044615939064,51.37498651918962],[-3.122054671020109,51.37498642297606],[-3.122066118598851,51.37498451500573],[-3.122071864359159,51.374984460025594],[-3.122084814291343,51.37498523532472],[-3.122107885220743,51.37498861142061],[-3.122119398714454,51.374989400461395],[-3.122135903412358,51.3749892425227],[-3.12214956395855,51.37498911179883],[-3.12216963017453,51.37498712134197],[-3.122183950628543,51.374985185867594],[-3.122202514479588,51.37498051213533],[-3.122216812955906,51.37497767765155],[-3.122226868034403,51.374977581423224],[-3.122235530622127,51.374979296951906],[-3.122247110039775,51.37498278299633],[-3.122258733409167,51.37498806705037],[-3.122264567069982,51.37499160808233],[-3.122268986266593,51.37499606186687],[-3.122271969023589,51.375000529398754],[-3.122275017707167,51.375007693946706],[-3.122275127583837,51.37501218897359],[-3.122273779044231,51.375015798742666],[-3.122272452479705,51.3750203075171],[-3.12227316612609,51.3750257562287],[-3.122275984622846,51.375047250183194],[-3.1223176689749,51.3750408660526],[-3.12232608427959,51.37503957696404],[-3.122386085166264,51.37502551444415],[-3.122434924166891,51.37502504697034],[-3.122443586771267,51.37502676248347],[-3.122449354514947,51.37502760649009],[-3.122456536721177,51.37502753774135],[-3.1224622605071,51.37502658373672],[-3.122473686098946,51.375023776721335],[-3.122479387904648,51.37502192371057],[-3.12248363128943,51.37501918544437],[-3.122489267155447,51.37501463541723],[-3.122490615677901,51.375011025645826],[-3.122493400640737,51.37500740212417],[-3.122494727182994,51.37500289334743],[-3.122500121268486,51.37498845426147],[-3.122501162072491,51.374972258415724],[-3.122508102490945,51.37496230060556],[-3.122512301908533,51.37495776432774],[-3.122520766681617,51.374951388787586],[-3.122534955226336,51.37494405923874],[-3.122547773270121,51.374939440454966],[-3.122567751521566,51.374933853909084],[-3.122597806816017,51.37492907010505],[-3.122609298320528,51.37492896009248],[-3.122635198170165,51.37493051057062],[-3.122645297201962,51.37493221231699],[-3.122655418217283,51.37493481306773],[-3.122672787374603,51.37494004207146],[-3.122682930376533,51.37494354182504],[-3.122693117347084,51.37494883958821],[-3.12270328233626,51.37495323834523],[-3.122724798449855,51.37496629847235],[-3.122730992374357,51.374970058138075],[-3.122742681749477,51.374978039159316],[-3.122752956673657,51.374986932937965],[-3.122763363511629,51.37500122074691],[-3.122767870697901,51.375009270533],[-3.122770941445019,51.375017334072545],[-3.122775448634264,51.3750253838583],[-3.122790626508867,51.37505850951236],[-3.12279798460468,51.37506563278411],[-3.122805298731107,51.375070958045],[-3.12281256888726,51.37507448529508],[-3.122829916129436,51.37507881526958],[-3.122837120329284,51.3750796455026],[-3.122854423602057,51.375082177463135],[-3.122881759989212,51.3750837141312],[-3.122894665986789,51.37508269133015],[-3.122908986438591,51.37508075576718],[-3.122938953838581,51.375072375854664],[-3.122953252296413,51.375069541281206],[-3.1229743811367,51.37505225384352],[-3.1229858726708,51.37505214379376],[-3.123057892674634,51.37505954700306],[-3.12310956060062,51.375057253723206],[-3.123149912928025,51.37506226252803],[-3.123205890177511,51.37505992793071],[-3.123338152808766,51.375063157054115],[-3.123375159472867,51.37506214071461],[-3.123388406278312,51.37506177641696],[-3.123414548203916,51.37507321577651],[-3.123403606607716,51.37509580099242],[-3.123395097937665,51.375100378585444],[-3.123363458524748,51.3751098878614],[-3.123358014378649,51.375111524433514],[-3.123346698803563,51.37511882655973],[-3.12333547121027,51.37512972470477],[-3.123331293855821,51.37513516001637],[-3.123325790036884,51.375145104113216],[-3.123323071120716,51.375151424669006],[-3.123322258113821,51.3751560724102],[-3.123321810644841,51.37515863046929],[-3.123319278264058,51.375159186164716],[-3.123287511929185,51.37516615275465],[-3.123238804758453,51.37517201461516],[-3.123226074697782,51.375180229494354],[-3.123243663959237,51.37519444846191],[-3.123278226646862,51.37519771424908],[-3.123281698537586,51.375198444425436],[-3.123302778206765,51.375202874357896],[-3.123317362630845,51.375211726804594],[-3.123321913928433,51.37522157457801],[-3.123322507825226,51.37524584771215],[-3.123308319315478,51.375253177355724],[-3.123336205730862,51.37527718904078],[-3.1233278657019,51.37529124454486],[-3.123316887309228,51.375309745866694],[-3.12334477885319,51.37530947867734],[-3.123347052753057,51.37530945689403],[-3.123371428403275,51.37530742494823],[-3.123382876005318,51.37530551684912],[-3.123392843161644,51.375301824500376],[-3.123402832314166,51.375299031155734],[-3.123438435567963,51.375286101044686],[-3.123451363608129,51.37528597718686],[-3.123457153401493,51.3752877201483],[-3.123462921196298,51.37528856410456],[-3.123467274541395,51.37529032082768],[-3.123475959233334,51.37529293526855],[-3.12348035657804,51.375296490001],[-3.123480444575443,51.3753000860206],[-3.123479074124087,51.375302796797705],[-3.123476289222343,51.37530642034208],[-3.123473460321712,51.375308245876596],[-3.123466366070059,51.37531191070768],[-3.123462100718917,51.37531375000416],[-3.123427757913992,51.37531947432137],[-3.123366781749392,51.37533319961991],[-3.123323446969967,51.375342954008154],[-3.12325051790238,51.37535714084575],[-3.123249169430469,51.37536075062526],[-3.123249213420144,51.37536254863522],[-3.123250715856165,51.37536523189053],[-3.123253610754092,51.375366103376216],[-3.123256527647114,51.375367873866814],[-3.123259422545318,51.375368745352354],[-3.123266648793715,51.37537047456343],[-3.12327241659564,51.37537131852898],[-3.123304018532365,51.37537101580717],[-3.123331267120708,51.37536895634885],[-3.123344151191432,51.375367034492776],[-3.123361300621271,51.37536327334256],[-3.123374140694468,51.37535955347334],[-3.123385544314411,51.37535584736402],[-3.123391940785321,51.37535325928931],[-3.12339692593474,51.375351242248655],[-3.123474384290022,51.37534600408238],[-3.123501720854324,51.375347540604174],[-3.123527576968877,51.375347292872846],[-3.123654314677025,51.37535956673222],[-3.123664479850019,51.37536396540395],[-3.12367031366764,51.37536750636433],[-3.123676235499262,51.37537464334368],[-3.123680632867471,51.37537819806836],[-3.1236894496095,51.375386206522],[-3.123698200343468,51.375391517960495],[-3.123705448615595,51.375394146149134],[-3.12371265288053,51.3753949763277],[-3.123718420693487,51.37539582027119],[-3.123725624958911,51.375396650448955],[-3.123740011485974,51.37539741179836],[-3.123758641355597,51.375395434834125],[-3.123772917856761,51.37539170115556],[-3.12378003410112,51.37538893531084],[-3.123788586796506,51.3753861556995],[-3.123817073767479,51.375375991319125],[-3.123831394270344,51.375374055643036],[-3.123841449430761,51.37537395927541],[-3.123850090146351,51.37537477567868],[-3.123858708855364,51.37537469307652],[-3.12388460899693,51.37537624327578],[-3.123897603083635,51.37537881638273],[-3.123916409002582,51.37538403143142],[-3.123925115745932,51.375387544843285],[-3.123930949586665,51.37539108579048],[-3.123933932532499,51.37539555327814],[-3.123938351931185,51.37540000699765],[-3.123944185774546,51.375403547944146],[-3.123951412053823,51.3754052771127],[-3.123957179872328,51.37540612104439],[-3.123964384143507,51.37540695120742],[-3.123970151962455,51.37540779513846],[-3.123984604524827,51.375411253471874],[-3.123990350335176,51.37541119839722],[-3.123994637683335,51.375410258086326],[-3.124003168359609,51.375406579454705],[-3.124005997244853,51.375404753907574],[-3.124030196832199,51.37539552978699],[-3.124126571191469,51.37540000124001],[-3.124155498349331,51.37540781687095],[-3.12416990689933,51.37540947717209],[-3.124182856984563,51.3754102522379],[-3.124210237636467,51.375413586603074],[-3.124226126671104,51.375417031135115],[-3.12423629191146,51.37542142975659],[-3.124240711342085,51.37542588346441],[-3.124240799399923,51.37542947948285],[-3.124242301896436,51.37543216272489],[-3.12424238995442,51.37543575874331],[-3.124239759206876,51.37544567533755],[-3.124236974357375,51.37544929889949],[-3.12422994618889,51.3754556607902],[-3.124225702869834,51.37545839911892],[-3.124224931835105,51.375458772491754],[-3.124214343321924,51.37546390331882],[-3.124214563461651,51.37547289336493],[-3.124206010776544,51.375475673007244],[-3.124200286972187,51.37547662709717],[-3.124121348006945,51.37548008150553],[-3.12410985636937,51.375480191667556],[-3.124000971947942,51.37549292522947],[-3.123930585644834,51.375493599883164],[-3.123920618494905,51.37549729228296],[-3.123920882604366,51.37550808035534],[-3.123936771654181,51.375511524931504],[-3.123948307319456,51.37551321279822],[-3.124008638461819,51.37551263451679],[-3.124034472653737,51.3755114876664],[-3.124093367336424,51.37551092311067],[-3.124117831108273,51.375512487029795],[-3.124133654134053,51.375513234561225],[-3.124245785737357,51.375515756431646],[-3.124290271831726,51.37551353148306],[-3.124317520454916,51.375511471792024],[-3.124350470862519,51.37550755899045],[-3.124379111898543,51.3755036875003],[-3.124384523319642,51.375502826317266],[-3.124409167366189,51.37549890322349],[-3.124432084590814,51.3754959858217],[-3.124455045851501,51.37549486642708],[-3.124475200260858,51.37549647159479],[-3.124485299486146,51.37549817318313],[-3.12450121059385,51.37550251668809],[-3.124508480952028,51.375506043835976],[-3.124512878400505,51.37550959853374],[-3.124515817373437,51.37551226800076],[-3.124517341911881,51.37551585024868],[-3.124517429994857,51.37551944627182],[-3.124516081622031,51.37552305607015],[-3.124514711228298,51.3755257668627],[-3.124511904378414,51.375528491430366],[-3.124509075507609,51.375530316992204],[-3.124504810180468,51.375532156329044],[-3.124497693961019,51.37553492222151],[-3.124491970156474,51.37553587632708],[-3.1244890613326,51.37553590422122],[-3.124428766081143,51.375536482405984],[-3.124408919916878,51.375547463312024],[-3.124417670769625,51.375552774703245],[-3.124542840697863,51.37555966735024],[-3.124578536609673,51.375556742471964],[-3.124580122512121,51.37555661216298],[-3.124621845828258,51.375558909668904],[-3.124771347466774,51.375561971845194],[-3.124792938372535,51.375563563179405],[-3.124814551306286,51.37556605351527],[-3.124844827039078,51.37557025918324],[-3.124865047576525,51.37557456130024],[-3.124902637775866,51.37558409208918],[-3.124941730535555,51.3755963061022],[-3.124967807073133,51.375605048107204],[-3.125001154033485,51.3756173172229],[-3.125011275334366,51.37561991777089],[-3.125031319662055,51.37561702781425],[-3.125069861693624,51.3756067666451],[-3.125104336688981,51.37560643587161],[-3.125137309126956,51.375603421854315],[-3.125180402866937,51.37560300836111],[-3.125211916804972,51.37559910910076],[-3.125266546273063,51.37560038331624],[-3.125308137441893,51.37559728654417],[-3.125361242303108,51.3755949784787],[-3.125388667224704,51.375600110581864],[-3.125414765885749,51.37560975149177],[-3.125438189989597,51.375627511017306],[-3.125436621298671,51.37562213077153],[-3.125436577221244,51.375620332760754],[-3.125439692564552,51.3756301942469],[-3.125438388338387,51.37563560206575],[-3.125435581536762,51.37563832665496],[-3.125432752696154,51.37564015223872],[-3.125427357787864,51.375641335231315],[-3.125415603341192,51.37564391369674],[-3.125406984586338,51.37564399641405],[-3.125401216711702,51.375643152553145],[-3.125395470875205,51.37564320769738],[-3.125348045686394,51.37564276362108],[-3.125317902080702,51.375643952116874],[-3.125270587068885,51.37564800303644],[-3.125155868617742,51.37565719678898],[-3.125125702964225,51.37565748622999],[-3.125099780592823,51.37565503729953],[-3.125081084585589,51.37565431746374],[-3.125063869101476,51.37565538185405],[-3.125023780414572,51.375661161775376],[-3.124990785897459,51.37566327675571],[-3.124970719517418,51.37566526770008],[-3.124970895754909,51.37567245974465],[-3.124978166175449,51.37567598686257],[-3.124982497586415,51.375676844525294],[-3.124988265457941,51.375677688406824],[-3.124992596869249,51.37567854606918],[-3.124998364741164,51.37567938995022],[-3.125024287121228,51.375681838903006],[-3.125038651726272,51.37568170108727],[-3.125052994299909,51.375680664264245],[-3.125067314841301,51.37567872843392],[-3.125095911856156,51.37567305875706],[-3.125110232393314,51.37567112292155],[-3.125124530896568,51.375668288078806],[-3.125154652490624,51.37566620062703],[-3.125169017090167,51.37566606279537],[-3.125202121771243,51.37566844279229],[-3.125223756809647,51.37567183205727],[-3.125246806276299,51.375674308528566],[-3.125328970980571,51.37568520987045],[-3.125354827268767,51.37568496173362],[-3.125397965157632,51.37568634617033],[-3.125399517971396,51.37568633126757],[-3.125455423575405,51.37568579471353],[-3.125514428653133,51.37568972446781],[-3.125557632673684,51.37569380586162],[-3.125597985822086,51.3756988138218],[-3.125662913116316,51.375709880389024],[-3.125695951720598,51.37570956322992],[-3.125716106263528,51.37571116818252],[-3.125739288042785,51.37571903858784],[-3.125790027147232,51.37573743502754],[-3.12581614801489,51.375747974851144],[-3.125826555992568,51.375762262395455],[-3.12582726462816,51.375767957526065],[-3.125831923613552,51.37580537327078],[-3.125888033897511,51.37580843141231],[-3.125891240940587,51.37580966581817],[-3.125903989337388,51.37581457273408],[-3.125917292334963,51.37582973169016],[-3.125919699893512,51.37584757871002],[-3.125920804665107,51.375855775254514],[-3.125912472498293,51.375867545076396],[-3.125898328318682,51.37587667305147],[-3.125836692553838,51.37588266013384],[-3.125806482667879,51.37588115174143],[-3.125796559679123,51.37588664231018],[-3.125818746020986,51.37591250659315],[-3.125833173400032,51.37597351482234],[-3.125829834044997,51.37601311242404],[-3.125824727514078,51.3760392387395],[-3.125823379229122,51.37604284855156],[-3.125823445368839,51.376045545567045],[-3.125826428544856,51.37605001300997],[-3.125835179655066,51.37605532429187],[-3.125840969635806,51.3760570671358],[-3.125845301098141,51.37605792476598],[-3.12585106903246,51.37605876860424],[-3.125861146382524,51.37605957106666],[-3.125876620057174,51.376059422499516],[-3.125878384044583,51.37605940556284],[-3.125925545080131,51.376049061358],[-3.125989701200086,51.376028662558255],[-3.126068662990851,51.37602610588209],[-3.126157591853868,51.37601985656464],[-3.126237968034246,51.376016386974115],[-3.126289967688139,51.376027577353945],[-3.126300111205937,51.376031076793495],[-3.126308818254413,51.376034590029526],[-3.126314674418427,51.37603902986474],[-3.126317679697519,51.37604439629957],[-3.126319204393554,51.376047978521896],[-3.126319292618458,51.37605157454171],[-3.126318683841664,51.376056628592245],[-3.126318098765361,51.376061477393684],[-3.126316772574619,51.37606598621591],[-3.126314031967804,51.37607140784053],[-3.126311269304263,51.376075930460125],[-3.126304307503159,51.37608498949647],[-3.126298693948605,51.37609043871534],[-3.126288793030112,51.3760968283304],[-3.126281698888261,51.37610049333569],[-3.126274582689883,51.37610325933561],[-3.126213079000261,51.37611464064859],[-3.126184790605607,51.376132896669276],[-3.126170911040857,51.376152812737125],[-3.126148015659137,51.37615662948625],[-3.126102268988335,51.37616606098128],[-3.126061250699479,51.376192532171345],[-3.126064344165028,51.37620149463292],[-3.126084498934688,51.37620309951935],[-3.126116145515566,51.376204594042406],[-3.126152057420946,51.37620424916047],[-3.126169251028421,51.376202285603256],[-3.126187814949099,51.37619761123266],[-3.12619336236798,51.37618946500394],[-3.126205871621019,51.37617225974463],[-3.12621846908221,51.37615865050396],[-3.126228370023643,51.37615226089465],[-3.126235486232335,51.37614949489744],[-3.126242624494983,51.37614762790479],[-3.126258381603032,51.37614567813133],[-3.126272746346251,51.37614554016265],[-3.126287133145032,51.37614630119718],[-3.126297232577081,51.376148002626714],[-3.126314602606849,51.37615323108801],[-3.126327685272922,51.376159399944584],[-3.126331951490243,51.376162633914156],[-3.126333541454748,51.37616383977856],[-3.12633796116271,51.37616829340999],[-3.126342424985078,51.3761745450511],[-3.126345540560651,51.37618440650956],[-3.126341760496734,51.376206024021165],[-3.126349075219115,51.37621134906133],[-3.126369428518192,51.37622104494276],[-3.126366798195117,51.37623096159304],[-3.12634235083168,51.376245721469246],[-3.126322907046728,51.37625746046961],[-3.126312319531172,51.37629443005168],[-3.126283545840968,51.376292907988166],[-3.126253247453167,51.37628780369459],[-3.126233070586357,51.37628529983276],[-3.126208650448608,51.376285534371036],[-3.126195744194262,51.37628655754127],[-3.126171412269677,51.37629038809169],[-3.126159986598628,51.3762931954722],[-3.126137157305198,51.37629970923491],[-3.126125775735036,51.37630431462211],[-3.126114416215039,51.37630981901321],[-3.126101708421453,51.37631893321818],[-3.126094658334883,51.37632439622258],[-3.126083475221096,51.376337092650814],[-3.126079320142477,51.3763434270699],[-3.12605483067393,51.37639941368162],[-3.126073968030284,51.376418113458236],[-3.12608004473976,51.37643154335453],[-3.126100108315588,51.37648800133573],[-3.126104505980297,51.376491555970674],[-3.126107445107965,51.37649422539551],[-3.126114693691933,51.37649685343492],[-3.126120461685905,51.37649769725916],[-3.126124793194717,51.376498554878424],[-3.126134611757728,51.376499991052455],[-3.12614209717842,51.37650108634879],[-3.12615361111523,51.376501874989316],[-3.126195269192951,51.37650147490884],[-3.126210189763427,51.376508878735535],[-3.126211269022848,51.37650941419466],[-3.12625160089727,51.37651352291498],[-3.126252311206764,51.376513954011315],[-3.126263269227398,51.37652060457903],[-3.126267777185697,51.37652865423212],[-3.12626129332858,51.376550696961395],[-3.126253188879883,51.37657825126802],[-3.126226976299571,51.37662256464576],[-3.126234643956115,51.37664227377044],[-3.126240632522016,51.37665210763746],[-3.126246599035202,51.37666104249923],[-3.126249692569448,51.376670004954406],[-3.126248366355481,51.37667451377569],[-3.126244145104164,51.37667815118569],[-3.126241338287987,51.376680875793916],[-3.126231459291221,51.37668816440994],[-3.126197358425931,51.376703778607684],[-3.126162372387839,51.37674188171431],[-3.126135167235015,51.376745739851344],[-3.126115166596244,51.37675042801104],[-3.12610232636759,51.37675414818723],[-3.126089530241471,51.37675966637191],[-3.126082458034819,51.376764230371045],[-3.126074368321486,51.376785889258386],[-3.12608205799348,51.37680649739789],[-3.126095096710389,51.376810868268116],[-3.126140310113799,51.3768200871552],[-3.126145638679273,51.376821173490626],[-3.126151406714381,51.376822017312826],[-3.12615573825426,51.3768228749305],[-3.126158655352544,51.37682464534875],[-3.126163075107983,51.37682909898574],[-3.12616311921558,51.37683089699552],[-3.126164621872752,51.376833580214345],[-3.126163251538402,51.3768362910249],[-3.126171602878401,51.37688386930443],[-3.126177481192423,51.37688920814965],[-3.126206674290576,51.37690781132725],[-3.126211094058701,51.376912264962236],[-3.126214055274499,51.376915833388686],[-3.12621710471044,51.3769229978345],[-3.12621721498507,51.3769274928588],[-3.126213170147306,51.376938322306685],[-3.126204793754966,51.376948294138906],[-3.126202996201561,51.37695063407961],[-3.126200616584761,51.37695372955723],[-3.12619663790457,51.37696725601915],[-3.126199775559843,51.376978016484784],[-3.126202758833756,51.3769824839163],[-3.126210095719462,51.37698870796807],[-3.126217388497182,51.37699313400963],[-3.12622465922117,51.37699666104587],[-3.12622637056883,51.37699730823138],[-3.126236261504355,51.37700104569615],[-3.126286936050667,51.37701674488352],[-3.126299886619832,51.377017519710634],[-3.126318561138169,51.37701734034032],[-3.126328572533633,51.37701544574549],[-3.126337169484317,51.37701446395267],[-3.126345722319633,51.37701168414964],[-3.12645127075138,51.3770385459841],[-3.126527383294602,51.37703691558304],[-3.126572157534405,51.3770463768139],[-3.126593969815267,51.37705695785388],[-3.126595604879325,51.37706503509478],[-3.12658002396999,51.377074176954245],[-3.126573502693164,51.37707829777127],[-3.126512108679768,51.377117092605985],[-3.12649517947361,51.37712984427356],[-3.126482493592995,51.37713985752504],[-3.126458602440689,51.37716166823387],[-3.126437473981853,51.377178956315724],[-3.126420478555239,51.37718901095868],[-3.126403416944927,51.37719636858501],[-3.126390598675095,51.377200987798425],[-3.126379194851613,51.3772046942071],[-3.126337889062298,51.37721947843649],[-3.126190810951291,51.37725685974433],[-3.126144820611673,51.37725640221369],[-3.126048420147999,51.37725103345771],[-3.125976749059956,51.377258016200194],[-3.125925012683727,51.377257613758005],[-3.125837539963053,51.377264748138636],[-3.125828920907033,51.37726483089045],[-3.125826069935932,51.377265757479215],[-3.125823241012244,51.37726758307288],[-3.125821848597817,51.377269394874645],[-3.125821892692825,51.3772711928846],[-3.125823395344967,51.377273876107644],[-3.125830688131465,51.377278302172996],[-3.125837958871534,51.37728182923289],[-3.125845185516773,51.377283558282414],[-3.1258509536045,51.37728440211873],[-3.125858158202395,51.3772852321625],[-3.125863904242226,51.37728517699324],[-3.125871108840463,51.37728600703619],[-3.125882622968946,51.377286795701025],[-3.125894115048882,51.3772866853598],[-3.125905585079599,51.37728567601251],[-3.125947354117476,51.37728977103663],[-3.12595186209809,51.3772978207006],[-3.125954933569742,51.377305884157884],[-3.125953585259568,51.37730949397098],[-3.12595077838836,51.377312218572584],[-3.12594794946683,51.377314044169225],[-3.12592841160534,51.37733761140282],[-3.125945936393551,51.37734913294737],[-3.125977671958752,51.37735422351807],[-3.125980655236144,51.37735869095493],[-3.125982157900405,51.37736137417576],[-3.125982246103191,51.377364970195316],[-3.125980957141186,51.37736842207592],[-3.125980897793505,51.3773685800087],[-3.12597952743296,51.37737129081717],[-3.125975350198647,51.37737672622782],[-3.125969692349505,51.37738037742225],[-3.125954862835166,51.37738677207046],[-3.12593556883732,51.37739509254404],[-3.12591289331501,51.37740789930288],[-3.125912092693268,51.37741685059872],[-3.125911765492339,51.377420499164586],[-3.125912008035485,51.37743038821856],[-3.125892576304449,51.37743057479479],[-3.125854547456677,51.377430939924274],[-3.125810258028311,51.377441256531235],[-3.125806455572633,51.37746197502018],[-3.125816863941909,51.377476262556804],[-3.125861150034588,51.37752439505901],[-3.125875890037344,51.37753954021747],[-3.125886232298928,51.377551130732584],[-3.125892242960915,51.37756186362029],[-3.125895336489635,51.37757082608357],[-3.125895490833844,51.37757711911781],[-3.125894958330875,51.37761399211103],[-3.125924920238984,51.37772250963222],[-3.125941339402922,51.37774753004101],[-3.125944234501771,51.37774840145888],[-3.125945084765815,51.377748855491966],[-3.126028677557872,51.37779345065107],[-3.126038799394017,51.37779605110314],[-3.126043175127949,51.3777987067334],[-3.126047572914698,51.37780226136829],[-3.126050512123698,51.377804930793054],[-3.126053473385472,51.377808499222496],[-3.126054998121459,51.37781208144679],[-3.126056544910186,51.377816562675825],[-3.126052499960084,51.37782739211789],[-3.126049715116133,51.37783101572673],[-3.126034260163013,51.37785052067361],[-3.126026021873099,51.37786091739444],[-3.126009400985015,51.37788625506204],[-3.125980115927532,51.37792250493171],[-3.125986060507296,51.37793054079873],[-3.126014680847505,51.37792576988963],[-3.126029024093425,51.37792473293965],[-3.126039795193558,51.37792462950719],[-3.126041952861248,51.377924608787474],[-3.126053467151759,51.37792539743357],[-3.1260823080124,51.37792961655571],[-3.126104779938805,51.37793105261226],[-3.126106773127478,51.3779311800432],[-3.126121116372831,51.37793014308196],[-3.126131150027967,51.37792914750663],[-3.126133960764855,51.377926110835645],[-3.126139548665039,51.37792007468381],[-3.126153649307007,51.37790914866656],[-3.126179242173246,51.37789811227673],[-3.12618925376496,51.377896217691806],[-3.126233609709099,51.37788859795236],[-3.12630369080307,51.377875335807815],[-3.12634234471251,51.377869569228636],[-3.126459764969454,51.37785315461998],[-3.126521381212402,51.37784626817754],[-3.126619065051306,51.37784532969509],[-3.126636369566692,51.377847861085705],[-3.126645010793094,51.377848677277804],[-3.126705389060407,51.377849895581804],[-3.126757523292626,51.37786647975233],[-3.126801148728706,51.37788764174616],[-3.126804264523352,51.37789750318711],[-3.126804507261678,51.377907392236196],[-3.126800352144472,51.37791372667967],[-3.126797545287376,51.37791645130115],[-3.126793994333184,51.377921467082714],[-3.126789212981481,51.37792822118302],[-3.126776813814531,51.37794992152489],[-3.126765564303503,51.37795992100375],[-3.126758514048653,51.37796538404862],[-3.126740126006834,51.37797725055167],[-3.126728766152671,51.37798275500474],[-3.126698907908577,51.37799563093105],[-3.126683216384661,51.378000277783755],[-3.126670353792261,51.37800309902043],[-3.126653137473812,51.37800416365364],[-3.126643081750295,51.3780042602692],[-3.126615809706859,51.378005421511645],[-3.126584250128765,51.37800752315669],[-3.126548447137894,51.37801236321002],[-3.126537087252024,51.37801786764483],[-3.126532865902499,51.378021505065576],[-3.12652866661416,51.378026041490735],[-3.126521704567979,51.378035100539954],[-3.126518963872092,51.37804052216865],[-3.126517681770518,51.37804682900121],[-3.126515007258303,51.378054947643484],[-3.126515139627974,51.37806034167084],[-3.126516642346649,51.378063024883886],[-3.126519581599407,51.37806569429625],[-3.126522498790743,51.378067464703975],[-3.126528289050326,51.3780692075101],[-3.126536952378465,51.37807092271421],[-3.12655279837777,51.37807256891248],[-3.12656287617902,51.37807337130903],[-3.126600226065847,51.37807301247176],[-3.126610347994912,51.378075612873246],[-3.12661613825877,51.37807735567498],[-3.126621509833108,51.378080070955285],[-3.126624867782898,51.37808176788605],[-3.126630746303602,51.37808710670509],[-3.126632271093784,51.378090688921056],[-3.126629552471591,51.378097009556676],[-3.126628314511394,51.37810511439924],[-3.126625573824037,51.378110536030256],[-3.12662281107229,51.378115058656725],[-3.126618589720802,51.378118696080534],[-3.126611561488029,51.378125058121384],[-3.126605876140998,51.378129464053],[-3.126604511189916,51.378130521157324],[-3.126597438826863,51.37813508518834],[-3.126586056853894,51.37813969062356],[-3.126577481762609,51.378141571441354],[-3.126568928733342,51.378144351263046],[-3.126560353640477,51.3781462320796],[-3.126527511860516,51.37815464054339],[-3.126501786568884,51.37816028298222],[-3.126474602672936,51.37816504021109],[-3.126444413334994,51.378164431005885],[-3.126307412929949,51.378144165794914],[-3.126293400483269,51.37815868784918],[-3.126343279480139,51.37820047192602],[-3.126349180042339,51.37820670976388],[-3.126352163411879,51.378211177189584],[-3.126353225830861,51.37821307422267],[-3.126355168840627,51.3782165436198],[-3.126356848024547,51.37822641887166],[-3.126355543837402,51.37823182669796],[-3.126355676189283,51.37823722072556],[-3.126353178106908,51.37825253140109],[-3.126348735549093,51.378262087784385],[-3.126347718708328,51.378264273655496],[-3.126343563496881,51.3782706080835],[-3.12633379447158,51.37828239173295],[-3.126326788232882,51.3782896527619],[-3.126318345450796,51.378296927588735],[-3.126304244731154,51.378307853626],[-3.126292928858662,51.37831515604727],[-3.126268838503671,51.3783288756797],[-3.126254605422012,51.37833440768348],[-3.126230382707776,51.37834273328044],[-3.12621751999189,51.378345554468666],[-3.126203220731562,51.378348389452405],[-3.12618889941396,51.37835032542977],[-3.126170246411033,51.37835140379028],[-3.126157317524321,51.37835152795799],[-3.126145803125845,51.37835073932343],[-3.126135703216222,51.37834903788699],[-3.126115459291051,51.37834383700214],[-3.126099569105687,51.37834039273631],[-3.126085159572147,51.37833873268225],[-3.126060694241625,51.378337169192854],[-3.126047765358415,51.378337293348416],[-3.126034858527596,51.37833831650728],[-3.126010503458889,51.378341248030964],[-3.125976070535841,51.37834337710408],[-3.12596024651384,51.37834262983345],[-3.125849191737936,51.378325711816814],[-3.125849588617643,51.37834189390305],[-3.125884594834715,51.378363138991176],[-3.125894893186572,51.37837293149221],[-3.125897920623046,51.378379196939285],[-3.125902362554563,51.378384549588276],[-3.125923201833863,51.378414023638236],[-3.125927798124974,51.378425669319384],[-3.125929455175406,51.37843464557325],[-3.125929653630041,51.378442736615916],[-3.125928371437592,51.37844904344268],[-3.12592565269849,51.37845536406294],[-3.125921497412143,51.37846169847665],[-3.125917298024069,51.37846623488072],[-3.125911640038181,51.37846988607328],[-3.125898887516713,51.37847720225083],[-3.125844805854262,51.37849840348978],[-3.125833357570052,51.37850031183919],[-3.125827655476167,51.37850216501826],[-3.125817687834955,51.37850585758336],[-3.125809244933116,51.37851313237463],[-3.125805199866459,51.37852396180829],[-3.12578281037888,51.378548455608524],[-3.125738630100819,51.378563267223086],[-3.125690470833089,51.37859160526568],[-3.125689563385636,51.37861319517193],[-3.125696279192347,51.37862338176846],[-3.125702129016253,51.37862755192779],[-3.125706995301217,51.378632630745265],[-3.125708650465998,51.378635672191585],[-3.125713607143075,51.37864443692844],[-3.125715768232606,51.37865053085364],[-3.125717224158903,51.37866531078555],[-3.125718255259527,51.378675774959994],[-3.125720062900625,51.37867917462891],[-3.125727490737984,51.37868323971613],[-3.125761415100687,51.37868965815427],[-3.125776960747237,51.378690767810625],[-3.125795028251752,51.37868924552549],[-3.125801751391221,51.37868801199667],[-3.125812927846389,51.37868673571162],[-3.125822400280456,51.378686285080605],[-3.12582962273596,51.37868783432718],[-3.125833972084664,51.37868941115833],[-3.125836884879976,51.37869100178185],[-3.125840129084183,51.37869438765625],[-3.125841771030573,51.37869688969769],[-3.125842000677115,51.3787003944369],[-3.125840893327022,51.37870211357997],[-3.125839810230723,51.37870482162824],[-3.12583727073606,51.378706734364776],[-3.125834419676578,51.37870766095456],[-3.125830421578469,51.3787086884787],[-3.125802587019688,51.378722084276774],[-3.12579555231141,51.378722331658885],[-3.125792844905589,51.37872325686847],[-3.125790305407964,51.378725169604024],[-3.125787785753313,51.3787278914438],[-3.1257914451463,51.378736488788725],[-3.125793296891412,51.37874168646589],[-3.125795661181744,51.37875020632295],[-3.125796034480683,51.37875370968307],[-3.125794971223914,51.37875722683521],[-3.125794073670705,51.3787616416129],[-3.125790305210049,51.37876617387504],[-3.125783807291893,51.37877073234173],[-3.125778416726635,51.37877357166556],[-3.125773149973389,51.37877560050571],[-3.125769337414224,51.3787783347577],[-3.125763946847186,51.378781174080906],[-3.125762475117476,51.378782858954345],[-3.12576157084363,51.37878389454097],[-3.12575888548099,51.378785718754564],[-3.125756573414431,51.37879104632834],[-3.125756924663351,51.378793650683825],[-3.125760025213358,51.37879703793953],[-3.125764423074753,51.3788005925836],[-3.125770235446365,51.37880323443098],[-3.12577748437593,51.37880586248627],[-3.12578471125833,51.378807591536344],[-3.125796999126095,51.37880938889476],[-3.125802016091287,51.37881012304612],[-3.125817818222725,51.378809971331506],[-3.125827852075652,51.37880897578],[-3.125849246091255,51.37880247585812],[-3.12585636272886,51.37879970988016],[-3.125862042808635,51.37879695769467],[-3.12587057395185,51.378793278918266],[-3.12587914919332,51.37879139815069],[-3.125889205090818,51.378791301598696],[-3.125892122304506,51.378793072021644],[-3.125893779362318,51.37880204827539],[-3.125892585356104,51.37881195112033],[-3.125891192898804,51.37881376292298],[-3.125891281099062,51.378817358941774],[-3.125894242414742,51.37882092737406],[-3.125902972012413,51.37882533963753],[-3.125908762344565,51.37882708247323],[-3.125918884401566,51.37882968293266],[-3.125930376865214,51.378829572583435],[-3.125943283835644,51.378828549434544],[-3.125967617113764,51.378824718917386],[-3.125979021368869,51.37882101254476],[-3.125989033168526,51.3788191179748],[-3.126000525629271,51.378819007618745],[-3.12600485735431,51.37881986523958],[-3.126010647689537,51.37882160807019],[-3.126025299950968,51.378833157182605],[-3.126034117774791,51.37884116545469],[-3.126037101155933,51.378845632887824],[-3.126037211420582,51.37885012791098],[-3.126034492673669,51.37885644853346],[-3.126031729820352,51.3788609711466],[-3.126023330993788,51.3788700439625],[-3.125999963339007,51.37888512340817],[-3.125997869867979,51.37888647435103],[-3.125995062905025,51.37888919895405],[-3.125995151113606,51.37889279497263],[-3.125999659263388,51.3789008446307],[-3.126002598540552,51.378903514055395],[-3.126006974378353,51.378906169685315],[-3.126011328164183,51.37890792631043],[-3.126015659897782,51.37890878393076],[-3.126024279260001,51.37890870116168],[-3.126031195444885,51.37890971290764],[-3.126110803696125,51.37892135850473],[-3.126117986499698,51.37892128952466],[-3.126123754797209,51.37892213334489],[-3.126130981710501,51.37892386237321],[-3.126136772063491,51.37892560519736],[-3.126142584471957,51.3789282470258],[-3.126149877552461,51.37893267306665],[-3.126154297511992,51.378937126700066],[-3.126157302966396,51.37894249313444],[-3.126160352532322,51.37894965757785],[-3.126160484864787,51.37895505160523],[-3.126159180635384,51.3789604594292],[-3.126159401189371,51.37896944947483],[-3.126163953486374,51.37897929713518],[-3.126168417562969,51.37898554877709],[-3.126177301608267,51.3789962540512],[-3.126190473291696,51.37900601892922],[-3.126194871206121,51.37900957355638],[-3.126200793909732,51.37901671040442],[-3.126203799374845,51.3790220768374],[-3.126203953769042,51.37902836986916],[-3.126202671599098,51.37903467669804],[-3.126192990603594,51.379050056354686],[-3.126187376680944,51.37905550556986],[-3.126178933738639,51.3790627803876],[-3.126161937568384,51.37907283499857],[-3.126139195127817,51.37908294479279],[-3.126127879040999,51.379090247199684],[-3.126120762375419,51.379093013194336],[-3.126116747468941,51.37909417667133],[-3.126107921498914,51.37909673337723],[-3.126085002602168,51.37909965112461],[-3.126076427312281,51.37910153190774],[-3.126072183774695,51.379104270308225],[-3.126071144176577,51.37912046618616],[-3.126071364714686,51.379129456231915],[-3.12607001636264,51.37913306604576],[-3.12606720938921,51.379135790650544],[-3.126060136820175,51.37914035465076],[-3.126008751176656,51.379154336343596],[-3.125985942505695,51.379161749095],[-3.125967421481022,51.37916822145459],[-3.12596028274205,51.37917008843508],[-3.125951707433908,51.379171969209274],[-3.125944546642327,51.37917293718421],[-3.125937363799197,51.379173006154076],[-3.12592151744234,51.379171359877],[-3.125914290497814,51.37916963083621],[-3.125839522784433,51.379167651068066],[-3.125828030236313,51.37916776140934],[-3.125816493590349,51.37916607374015],[-3.125810681170134,51.37916343189577],[-3.12580632736758,51.37916167526345],[-3.125800448802799,51.379156336404506],[-3.125797311084416,51.379145575932746],[-3.125798328730524,51.3791284810515],[-3.125800915233994,51.379116766406106],[-3.125800716797154,51.3791086753639],[-3.125797755469863,51.379105106929565],[-3.125793357576556,51.3791015522873],[-3.125783213418443,51.379098052813056],[-3.125771632695587,51.379094567129805],[-3.125761554683904,51.379093764667765],[-3.125751520767683,51.37909476021429],[-3.125731563169797,51.379101246328354],[-3.125703162539061,51.37911500722344],[-3.125696045843847,51.37911777319261],[-3.125690387761292,51.37912142437522],[-3.125677568887665,51.379126043516166],[-3.125668993575834,51.379127924269724],[-3.125660396217479,51.37912890601789],[-3.125640284273859,51.379129099083464],[-3.125631642824126,51.379128282820034],[-3.125624415896937,51.379126553761125],[-3.125615752402996,51.37912483849175],[-3.125611398611404,51.37912308185206],[-3.125605608252957,51.37912133900205],[-3.125601232417418,51.379118683357206],[-3.125596790448674,51.37911333069785],[-3.12559363073624,51.37910167121521],[-3.125593079624177,51.379079196095745],[-3.125591532836109,51.3790747148615],[-3.125590008092749,51.37907113263203],[-3.125585522041339,51.379063981962574],[-3.125581124168208,51.379060427312076],[-3.125569499381788,51.379055143598954],[-3.125532038471356,51.37905100709283],[-3.12551336312582,51.37905118634727],[-3.12550903138786,51.37905032870846],[-3.125503241042362,51.37904858585322],[-3.125501760392054,51.37904680163212],[-3.125498865219608,51.37904593020436],[-3.125497340484402,51.37904234797355],[-3.12550724213847,51.379035958419934],[-3.125530028782717,51.379027646756604],[-3.125572795050992,51.37901374801013],[-3.125589945639748,51.379009986516834],[-3.125624290898809,51.37900426153236],[-3.125644358697368,51.379002270460624],[-3.125652933986979,51.379000389709105],[-3.125662945839221,51.378998495166464],[-3.125687124907203,51.378988371673024],[-3.125707082462923,51.3789818855669],[-3.125732786263336,51.37897534429218],[-3.125737073903887,51.37897440391328],[-3.125744212621972,51.37897253694659],[-3.125749870682177,51.378968885761545],[-3.12575124110217,51.37896617495578],[-3.125751174959801,51.378963477941575],[-3.125749650207899,51.37895989571421],[-3.125740920599061,51.37895548343951],[-3.125720786684647,51.378954777513286],[-3.125704940410051,51.37895313120589],[-3.125696321038602,51.37895321395159],[-3.125689160275269,51.37895418191062],[-3.125682021557731,51.37895604887399],[-3.125670573153402,51.378957957208755],[-3.125657644094708,51.378958081323276],[-3.125650439238794,51.378957251270414],[-3.125643212337785,51.37895552221232],[-3.125622813885211,51.37894402821181],[-3.125616979459245,51.37894048735248],[-3.125611122989465,51.37893604748804],[-3.125606703082098,51.378931593833514],[-3.125600868658942,51.378928052973336],[-3.125590702509166,51.378923654476914],[-3.125563275586527,51.378918522447094],[-3.125530146513102,51.37891524357595],[-3.125524378226841,51.37891439972637],[-3.125514278215681,51.378912698237684],[-3.125505570680677,51.37890918494991],[-3.125501194871125,51.37890652930094],[-3.125498255622551,51.378903859863335],[-3.125495294331891,51.37890029142081],[-3.125493769601948,51.37889670918982],[-3.125493637347613,51.37889131516071],[-3.125497682518314,51.378880485737255],[-3.125497462093811,51.37887149568874],[-3.125494544890097,51.37886972525586],[-3.125491649728938,51.37886885382776],[-3.125488776610158,51.37886888140444],[-3.125487362093013,51.378869794197605],[-3.125483096499076,51.37887163357217],[-3.125447424967942,51.37888186732663],[-3.12544603249103,51.37888367912418],[-3.125443181412682,51.37888460570462],[-3.125437435173064,51.37888466085556],[-3.125431666892254,51.378883817001345],[-3.125427224966081,51.37887846433488],[-3.125422694876983,51.37886951564868],[-3.125421148112754,51.378865034411774],[-3.12541668414877,51.378858782739954],[-3.12540786642787,51.37885077442022],[-3.125403512670064,51.378849017772325],[-3.12540061751189,51.378848146341944],[-3.125394849236295,51.378847302485845],[-3.125386318044732,51.37885098122812],[-3.125369409937116,51.378864631745195],[-3.125360966899463,51.37887190650531],[-3.125356723339933,51.37887464488023],[-3.125352457740274,51.378876484250085],[-3.125348214179819,51.37887922262473],[-3.125338202340025,51.37888111714035],[-3.125320941582784,51.37888038357194],[-3.125299327069408,51.37887789334921],[-3.12528781255289,51.37887710463175],[-3.125279149117999,51.37887538933672],[-3.125274839438906,51.3788754306939],[-3.125266264156586,51.378877311417696],[-3.125260539955366,51.378878265564914],[-3.125253379194078,51.37887923349728],[-3.125247677029936,51.37888108664881],[-3.125237731297676,51.37888567817078],[-3.125200733323277,51.37890042066094],[-3.125195031154379,51.37890227380995],[-3.125189284912076,51.378902328948755],[-3.12518349459704,51.378900586077314],[-3.125177373738924,51.37888535813086],[-3.125178634008986,51.37887815230646],[-3.125178567900257,51.37887545529152],[-3.125176999123251,51.378870075046116],[-3.125175518491314,51.378868290820634],[-3.125175474418965,51.37886649281067],[-3.125171120668371,51.37886473615407],[-3.125165396466667,51.37886569029661],[-3.125159738372328,51.378869341453886],[-3.125149858740765,51.378876629983445],[-3.125147029692424,51.378878455561754],[-3.125142852226145,51.378883890944074],[-3.125151802122221,51.37889729331412],[-3.125153370897273,51.37890267355985],[-3.125153437004594,51.37890537057481],[-3.125154917636893,51.378907154800565],[-3.125153547183486,51.37890986559977],[-3.12513644066614,51.37891542503921],[-3.125122163196673,51.37891915889855],[-3.125103531971462,51.3789211360971],[-3.125079198568189,51.37892496643615],[-3.125062070002143,51.37892962685987],[-3.125053516734738,51.378932406573334],[-3.125037912859236,51.37894064923068],[-3.125032276779079,51.378945199386976],[-3.125028077259947,51.378949735760344],[-3.125019656186009,51.378957909501594],[-3.125009710414353,51.378962501004594],[-3.124998328078029,51.378967106289124],[-3.124985465111472,51.378969927344684],[-3.124981199488075,51.37897176670128],[-3.124975475269071,51.37897272083474],[-3.124971187612731,51.378973661185924],[-3.124962590267406,51.37897464288276],[-3.124956821983641,51.37897379900521],[-3.12494524135318,51.3789703132391],[-3.124939406975282,51.378966772345464],[-3.124930589315666,51.378958763989246],[-3.124924600720834,51.37894893005931],[-3.124923098064698,51.37894624682551],[-3.124921617440032,51.37894446259675],[-3.124921551346154,51.37894176558151],[-3.124920070721695,51.378939981352744],[-3.124915694942521,51.37893732568154],[-3.124909926664248,51.3789364818016],[-3.124901307293565,51.3789365644888],[-3.124891295422446,51.37893845896658],[-3.124887007767514,51.37893939931466],[-3.124881305581,51.37894125244861],[-3.124874144801656,51.37894222035799],[-3.124868376523498,51.378941376476014],[-3.124864022777302,51.37893961980795],[-3.124855359345897,51.378937904481575],[-3.124849613098495,51.37893795960376],[-3.12484101575708,51.37893894129164],[-3.124838142633302,51.378938968852424],[-3.12483385497721,51.37893990919856],[-3.124831025912421,51.37894173476942],[-3.124832550592637,51.37894531700959],[-3.124836948397492,51.37894887168905],[-3.124842782765331,51.3789524125879],[-3.124854407443698,51.3789576963745],[-3.124864727743307,51.37896838797121],[-3.12487657273262,51.37898266180647],[-3.124876638823967,51.37898535882176],[-3.124866012787718,51.3789888121358],[-3.12486523443834,51.378989065088454],[-3.124858073651246,51.37899003299695],[-3.124848039736841,51.37899102846608],[-3.124847255708237,51.37899099102619],[-3.124832215508638,51.37899028104553],[-3.124826447225198,51.378989437161565],[-3.124816369251634,51.37898863461775],[-3.124812059561294,51.37898867595804],[-3.124806335336577,51.37898963008331],[-3.124794930944151,51.37899333634324],[-3.124792145932199,51.378996959923434],[-3.124800941546375,51.37900406928511],[-3.12481762927772,51.37901185019061],[-3.124819837171016,51.37901288019551],[-3.124824234981415,51.379016434875346],[-3.124830201534357,51.37902536980534],[-3.124833250900626,51.37903253428551],[-3.124831990572784,51.37903974010667],[-3.124829205561012,51.37904336368772],[-3.124823613506697,51.379049711844495],[-3.124820806464258,51.37905243642026],[-3.124808009550381,51.37905795447202],[-3.124802285317011,51.379058908597166],[-3.12479510248881,51.379058977496825],[-3.124779234180829,51.379056432059166],[-3.124770765601521,51.379055456711086],[-3.124757619612556,51.37905394173718],[-3.124751873350527,51.37905399685474],[-3.124746149116445,51.37905495097717],[-3.124741861447697,51.37905589132009],[-3.124737595806573,51.37905773066799],[-3.124734810786297,51.37906135424688],[-3.124732047793286,51.37906587683084],[-3.124733902886205,51.37908294414931],[-3.124734057080479,51.379089237185255],[-3.124734171453331,51.37908950675238],[-3.124735581758243,51.37909281942664],[-3.124735669869411,51.379096415447165],[-3.124734299385877,51.37909912624174],[-3.124731514362896,51.37910274982055],[-3.124718739451824,51.37910916686791],[-3.124715361844787,51.3791104797487],[-3.124711622697612,51.37911193277797],[-3.124703047347949,51.37911381346124],[-3.124678691782191,51.379116744713414],[-3.124667177215702,51.379115955935546],[-3.124659972351962,51.379115125821855],[-3.12464985030133,51.379112525253696],[-3.124626578889243,51.379101058634184],[-3.124610534372824,51.37909132113231],[-3.124600368279838,51.37908692254938],[-3.124591704830202,51.37908520720376],[-3.124574421982122,51.37908357452093],[-3.12456149288343,51.37908369851494],[-3.124550044399524,51.37908560674107],[-3.124537181371924,51.379088427748044],[-3.124518638146305,51.37909400087548],[-3.124507233704714,51.37909770710791],[-3.124497287851546,51.37910229856825],[-3.124481341786902,51.37911100842871],[-3.1244788547295,51.379112366715674],[-3.124454917574144,51.37913237902104],[-3.124430241839425,51.379147464403324],[-3.124428019173249,51.37914882285156],[-3.124402557322335,51.37916525290098],[-3.124394003971067,51.37916803256714],[-3.12438827971522,51.37916898667231],[-3.124376721098479,51.379166399855464],[-3.124373825939291,51.37916552839975],[-3.124372345328574,51.379163744163954],[-3.124366555010805,51.37916200125224],[-3.124353802052559,51.37916931726581],[-3.124342529700205,51.37917841751423],[-3.124334020382916,51.37918299518664],[-3.124321223374114,51.37918851318619],[-3.124314106583565,51.37919127907248],[-3.124311618286581,51.37919182447613],[-3.124296955820881,51.379195040380885],[-3.124288336400146,51.37919512302356],[-3.124276865858045,51.379196132218084],[-3.124269705026021,51.3791971000911],[-3.124255449416636,51.379201732851776],[-3.124246962104727,51.37920720952331],[-3.124242740466307,51.379210846864176],[-3.124239955397976,51.37921447043176],[-3.124237302438355,51.37922348803121],[-3.124237412529339,51.3792279830578],[-3.124240461817764,51.37923514755407],[-3.124244279435804,51.37926265305209],[-3.124247441134189,51.37928543675865],[-3.124248987799497,51.37928991801192],[-3.124249207984289,51.37929890806494],[-3.124247903521677,51.379304315870044],[-3.124245140466645,51.37930883844306],[-3.124242355392715,51.37931246201071],[-3.124233912095498,51.379319736692054],[-3.124229451691154,51.37932189800979],[-3.124216871367938,51.379327993015835],[-3.124209754549678,51.37933075889604],[-3.124205466844183,51.3793316992197],[-3.124199742564066,51.379332653315906],[-3.124192581709228,51.37933362118445],[-3.124175276764166,51.37933108943841],[-3.12416659126698,51.37932847505643],[-3.124159298311515,51.37932404889093],[-3.124151961324231,51.37931782471427],[-3.124149000110016,51.37931425623707],[-3.124141619092889,51.37930623404904],[-3.124125618637877,51.37929829449143],[-3.124112557382158,51.379293024404454],[-3.124106789073414,51.37929218048538],[-3.124101042780472,51.37929223557137],[-3.124093881929724,51.379293203433846],[-3.124072575496011,51.37930329906164],[-3.124062607540239,51.379306991480554],[-3.124049810464419,51.37931250945112],[-3.124039908548097,51.3793188988843],[-3.124028570054734,51.37932530208727],[-3.124017165516242,51.379329008272975],[-3.124011441232423,51.37932996236002],[-3.124002821785673,51.37933004498199],[-3.123994180325334,51.37932922859789],[-3.123976853379134,51.37932579781699],[-3.123966687293675,51.37932139917915],[-3.123934928574069,51.37931540907309],[-3.123906043010315,51.379309391420186],[-3.123900252691435,51.37930764848547],[-3.123887279504153,51.379305974394924],[-3.123874372351373,51.379306997319304],[-3.123860072645988,51.37930983202172],[-3.123844358375442,51.3793135794962],[-3.123817305579725,51.37932373015145],[-3.123800242765505,51.379331087410016],[-3.123774714561793,51.37934482030979],[-3.123749252369281,51.37936125022064],[-3.123735128707484,51.37937127695208],[-3.123722485632352,51.37938308792603],[-3.123709864558841,51.37939579790417],[-3.123676002926339,51.37942130045468],[-3.123660442652563,51.379431340943704],[-3.123629256065103,51.37944872489911],[-3.123576630798261,51.37947081035266],[-3.123566662766235,51.379474502730154],[-3.123538239249654,51.37948736410416],[-3.123511428331457,51.379507403751724],[-3.12349303883964,51.37951926975887],[-3.123477412482101,51.379526613207524],[-3.123453210639499,51.379535837247296],[-3.123441806002234,51.379539543377994],[-3.123417560140683,51.379546969399335],[-3.123394838861238,51.3795579776753],[-3.123383522221129,51.37956527982291],[-3.123359584355977,51.3795852919112],[-3.123335756474872,51.37960979902292],[-3.123327400983378,51.37962066966342],[-3.12331902348734,51.37963064129767],[-3.123289229221094,51.37964621339176],[-3.123263678691385,51.37965904717758],[-3.123238084149251,51.379670082946646],[-3.123205262669054,51.37967938950222],[-3.123188155629152,51.3796849486625],[-3.123176728935663,51.37968775576232],[-3.123152350968519,51.37968978769583],[-3.123129321597311,51.379688209841795],[-3.123119221501486,51.37968650814781],[-3.1231105359957,51.379683893687755],[-3.123093252972192,51.379682260788606],[-3.123083196871132,51.37968235710292],[-3.12307316276591,51.379683352422106],[-3.123057426307648,51.37968620078728],[-3.122994590426786,51.379702089255886],[-3.122950716049866,51.37972948592013],[-3.122916809767144,51.37975319024592],[-3.122888649805276,51.37977683953526],[-3.122866236173254,51.37980043379217],[-3.122850873520334,51.37981856522873],[-3.12284393247618,51.379828523073954],[-3.122838406028458,51.37983756815683],[-3.122832901569943,51.379847512245256],[-3.122826158438679,51.379865561141706],[-3.1228251836625,51.37988445401958],[-3.122825909373602,51.37991412121089],[-3.12282234729477,51.379944728675994],[-3.122818345388292,51.37995735602508],[-3.122814277506433,51.379967286356646],[-3.122808773027682,51.37997723044396],[-3.12280180996025,51.37998628928104],[-3.122789210460187,51.379999898169366],[-3.122770886557724,51.380014461084016],[-3.12275110405702,51.38002813874525],[-3.12272274593997,51.38004369694424],[-3.122704290065171,51.38005286581389],[-3.122685812194374,51.380061135674865],[-3.122658868645197,51.38007578109856],[-3.122650380983142,51.380081257657686],[-3.122640456720414,51.38008674797008],[-3.122627769195378,51.3800967608183],[-3.122620762099777,51.38010402163335],[-3.122615191601424,51.38011126869445],[-3.122609643088552,51.380119414761175],[-3.122605553160834,51.38012844608006],[-3.122596970088959,51.38018877574573],[-3.122593012074548,51.38020320109925],[-3.122590292778264,51.38020952164676],[-3.122587551494388,51.380214943188356],[-3.122583395593812,51.380221277488936],[-3.122574973856128,51.38022945106043],[-3.122530944831197,51.380250554532765],[-3.122462889210072,51.38028807387686],[-3.122448677049396,51.380294504434616],[-3.122438708748934,51.38029819671874],[-3.12242445261424,51.38030282926183],[-3.122407301281958,51.380306590299476],[-3.122377198512291,51.380309576085715],[-3.122364291043322,51.38031059884719],[-3.122335756766185,51.380318964907865],[-3.122308615121896,51.38032551919995],[-3.12230003944706,51.38032739971071],[-3.12229292235911,51.38033016547712],[-3.122280036863349,51.38033208723536],[-3.122231192242678,51.38033255470865],[-3.122211123710683,51.3803345452037],[-3.122178257590923,51.38034205346643],[-3.122162454915715,51.380342204696326],[-3.12215959928493,51.380342951397246],[-3.122128196131353,51.38035152470524],[-3.122109674081975,51.38035799646549],[-3.122089825306252,51.3803689770002],[-3.12207422041427,51.38037721927259],[-3.122069976521079,51.38037995753163],[-3.122062859411082,51.380382723284306],[-3.12204422745784,51.380384700004214],[-3.122011207444188,51.38038591517837],[-3.121998277969651,51.38038603889378],[-3.12198393386197,51.38038707535978],[-3.121963887269859,51.38038996481894],[-3.121951023717805,51.3803927855474],[-3.121936723555545,51.380395620019804],[-3.121921052704888,51.38040116525391],[-3.12189545742883,51.380412200736764],[-3.121882615839601,51.38041592046393],[-3.121864005837761,51.38041879616153],[-3.121831029738802,51.38042180929749],[-3.121780748406259,51.38042229032817],[-3.121766404282033,51.38042332676768],[-3.121737781943023,51.38042809665998],[-3.121717801227391,51.38043368309591],[-3.121707832837657,51.3804373753188],[-3.121690791243494,51.38044563128361],[-3.121679474116066,51.380452933271165],[-3.121656598192179,51.38045764817501],[-3.12163230762118,51.380463275822265],[-3.121606602401103,51.38046981621206],[-3.121558131063018,51.380485566512284],[-3.121548140682327,51.380488359715585],[-3.121536713688636,51.38049116665852],[-3.121526723305417,51.38049395986002],[-3.121515340241434,51.38049856481339],[-3.121484196054448,51.3805177462249],[-3.121479996044239,51.38052228247558],[-3.121470093512224,51.38052867169739],[-3.121450112720173,51.38053425808844],[-3.121427214767489,51.38053807394189],[-3.121369925942097,51.38054581554352],[-3.121314095673251,51.38055444238594],[-3.121298358806828,51.38055729051912],[-3.121281163362678,51.38055925338124],[-3.121259658074739,51.3805612574522],[-3.121223742721934,51.380561600873875],[-3.121180534498911,51.38055751793351],[-3.12115748279656,51.380555040689956],[-3.121144509352844,51.380553366298955],[-3.12113012125494,51.38055260464841],[-3.121104262204696,51.38055285188449],[-3.121074247015976,51.38055943336431],[-3.121011628817494,51.380584310853],[-3.120983181945546,51.380596272614454],[-3.120970406097382,51.38060268926233],[-3.120944810479983,51.380613724541064],[-3.120931968756775,51.380617444165445],[-3.120873177268621,51.3806225022398],[-3.120861728246225,51.3806244101112],[-3.1208473620836,51.38062454743263],[-3.120819693177233,51.3806095252278],[-3.120780267942175,51.3805838247881],[-3.120727979075486,51.380560944930025],[-3.120720686249764,51.380556518549824]]]]}}